baseline_mae_median,baseline_mean,baseline_median,baseline_mfe_median,baseline_n,baseline_win_rate,best_event,candidate,drawdown_threshold,events_n,horizon_days,mae_median,mean,mean_minus_baseline,median,median_minus_baseline,mfe_median,oos_year,p25,p75,signal_events,velocity_threshold,win_rate,worst_event
-1.584108,-0.267221,0.108953,1.570939,245,51.836735,"('A-2018-04', '2018-10-25', 7.086557)",A,,6,5,-0.280257,0.511159,0.77838,2.151477,2.042524,4.519182,2018,-1.315208,5.779914,6,1.170648,66.666667,"('A-2018-03', '2018-10-05', -12.841183)"
-2.66648,-0.484342,-0.165304,2.443014,245,49.387755,"('A-2018-04', '2018-10-25', 8.965332)",A,,6,10,-0.280257,3.062965,3.547307,6.273424,6.438728,6.273424,2018,2.034301,7.310028,6,1.170648,83.333333,"('A-2018-03', '2018-10-05', -11.411214)"
-4.61341,-1.075351,-0.413369,4.234324,245,46.122449,"('A-2018-01', '2018-02-06', 13.482226)",A,,6,20,-1.264969,4.186884,5.262235,6.282967,6.696336,8.985272,2018,2.607429,10.422577,6,1.170648,83.333333,"('A-2018-03', '2018-10-05', -14.111555)"
-7.052284,-1.211126,1.025754,5.98013,245,54.285714,"('A-2018-06', '2018-12-26', 17.155718)",A,,6,40,-1.264969,5.646742,6.857868,7.031868,6.006114,13.426652,2018,3.818959,8.424208,6,1.170648,83.333333,"('A-2018-03', '2018-10-05', -8.975315)"
-8.346936,-0.852481,1.659746,7.146573,245,54.693878,"('A-2018-06', '2018-12-26', 29.506102)",A,,6,60,-2.583229,10.011615,10.864096,11.789213,10.129467,15.09282,2018,7.798899,17.830277,6,1.170648,83.333333,"('A-2018-03', '2018-10-05', -19.327594)"
-1.584108,-0.267221,0.108953,1.570939,245,51.836735,"('B-2018-01', '2018-02-06', 6.488047)",B,,2,5,0.0,5.724144,5.991365,5.724144,5.615191,6.608659,2018,5.342192,6.106095,2,0.877745,100.0,"('B-2018-02', '2018-10-11', 4.96024)"
-2.66648,-0.484342,-0.165304,2.443014,245,49.387755,"('B-2018-01', '2018-02-06', 7.500311)",B,,2,10,-2.069663,1.680493,2.164835,1.680493,1.845797,7.769554,2018,-1.229417,4.590402,2,0.877745,50.0,"('B-2018-02', '2018-10-11', -4.139326)"
-4.61341,-1.075351,-0.413369,4.234324,245,46.122449,"('B-2018-01', '2018-02-06', 13.482226)",B,,2,20,-2.338319,8.968564,10.043915,8.968564,9.381933,10.894412,2018,6.711733,11.225395,2,0.877745,100.0,"('B-2018-02', '2018-10-11', 4.454902)"
-7.052284,-1.211126,1.025754,5.98013,245,54.285714,"('B-2018-01', '2018-02-06', 7.589359)",B,,2,40,-2.338319,3.020337,4.231463,3.020337,1.994583,11.842529,2018,0.735826,5.304848,2,0.877745,50.0,"('B-2018-02', '2018-10-11', -1.548685)"
-8.346936,-0.852481,1.659746,7.146573,245,54.693878,"('B-2018-01', '2018-02-06', 8.452337)",B,,2,60,-3.602013,2.677831,3.530312,2.677831,1.018085,11.842529,2018,-0.209422,5.565084,2,0.877745,50.0,"('B-2018-02', '2018-10-11', -3.096675)"
-1.584108,-0.267221,0.108953,1.570939,245,51.836735,"('C-2018-04', '2018-10-25', 7.086557)",C,,5,5,0.0,1.484385,1.751606,3.655516,3.546563,4.432028,2018,0.647438,6.488047,5,1.606178,80.0,"('C-2018-03', '2018-10-08', -10.455631)"
-2.66648,-0.484342,-0.165304,2.443014,245,49.387755,"('C-2018-04', '2018-10-25', 8.965332)",C,,5,10,0.0,2.029568,2.51391,6.73918,6.904484,6.73918,2018,0.776512,7.500311,5,1.606178,80.0,"('C-2018-03', '2018-10-08', -13.833496)"
-4.61341,-1.075351,-0.413369,4.234324,245,46.122449,"('C-2018-01', '2018-02-06', 13.482226)",C,,5,20,-0.560515,2.847531,3.922882,4.120108,4.533477,8.965332,2018,2.103203,8.445826,5,1.606178,80.0,"('C-2018-03', '2018-10-08', -13.91371)"
-7.052284,-1.211126,1.025754,5.98013,245,54.285714,"('C-2018-05', '2018-12-10', 8.702491)",C,,5,40,-0.560515,3.247297,4.458423,6.474378,5.448624,13.316027,2018,2.933819,7.589359,5,1.606178,80.0,"('C-2018-03', '2018-10-08', -9.463564)"
-8.346936,-0.852481,1.659746,7.146573,245,54.693878,"('C-2018-05', '2018-12-10', 18.731673)",C,,5,60,-3.197036,6.085465,6.937946,8.452337,6.792591,15.059551,2018,7.581086,15.126089,5,1.606178,80.0,"('C-2018-03', '2018-10-08', -19.463859)"
-1.584108,-0.267221,0.108953,1.570939,245,51.836735,"('D-2018-04', '2018-10-25', 7.086557)",D,-5.311236,6,5,-0.280257,0.511159,0.77838,2.151477,2.042524,4.519182,2018,-1.315208,5.779914,6,1.170648,66.666667,"('D-2018-03', '2018-10-05', -12.841183)"
-2.66648,-0.484342,-0.165304,2.443014,245,49.387755,"('D-2018-04', '2018-10-25', 8.965332)",D,-5.311236,6,10,-0.280257,3.062965,3.547307,6.273424,6.438728,6.273424,2018,2.034301,7.310028,6,1.170648,83.333333,"('D-2018-03', '2018-10-05', -11.411214)"
-4.61341,-1.075351,-0.413369,4.234324,245,46.122449,"('D-2018-01', '2018-02-06', 13.482226)",D,-5.311236,6,20,-1.264969,4.186884,5.262235,6.282967,6.696336,8.985272,2018,2.607429,10.422577,6,1.170648,83.333333,"('D-2018-03', '2018-10-05', -14.111555)"
-7.052284,-1.211126,1.025754,5.98013,245,54.285714,"('D-2018-06', '2018-12-26', 17.155718)",D,-5.311236,6,40,-1.264969,5.646742,6.857868,7.031868,6.006114,13.426652,2018,3.818959,8.424208,6,1.170648,83.333333,"('D-2018-03', '2018-10-05', -8.975315)"
-8.346936,-0.852481,1.659746,7.146573,245,54.693878,"('D-2018-06', '2018-12-26', 29.506102)",D,-5.311236,6,60,-2.583229,10.011615,10.864096,11.789213,10.129467,15.09282,2018,7.798899,17.830277,6,1.170648,83.333333,"('D-2018-03', '2018-10-05', -19.327594)"
-0.585187,1.223152,1.656935,2.080874,241,68.46473,"('A-2019-02', '2019-08-05', -0.546564)",A,,2,5,-1.778876,-1.208163,-2.431315,-1.208163,-2.865098,1.063754,2019,-1.538963,-0.877364,2,1.357523,0.0,"('A-2019-01', '2019-05-14', -1.869763)"
-0.870094,2.414199,3.006771,3.809752,241,78.008299,"('A-2019-02', '2019-08-05', 2.343808)",A,,2,10,-3.267659,-1.352158,-3.766357,-1.352158,-4.358929,1.532401,2019,-3.200142,0.495825,2,1.357523,50.0,"('A-2019-01', '2019-05-14', -5.048125)"
-1.199842,4.447455,6.81567,7.868262,241,76.348548,"('A-2019-02', '2019-08-05', 3.437509)",A,,2,20,-3.601713,1.731975,-2.71548,1.731975,-5.083695,2.75644,2019,0.879209,2.584742,2,1.357523,100.0,"('A-2019-01', '2019-05-14', 0.026442)"
-2.017334,7.70977,9.340576,12.984022,241,76.348548,"('A-2019-02', '2019-08-05', 11.458363)",A,,2,40,-3.601713,9.054445,1.344675,9.054445,-0.286131,10.41984,2019,7.852486,10.256404,2,1.357523,100.0,"('A-2019-01', '2019-05-14', 6.650527)"
-2.366754,8.094785,8.392753,14.205923,241,85.477178,"('A-2019-02', '2019-08-05', 29.583775)",A,,2,60,-3.601713,15.64656,7.551775,15.64656,7.253807,20.57452,2019,8.677953,22.615168,2,1.357523,100.0,"('A-2019-01', '2019-05-14', 1.709346)"
-0.585187,1.223152,1.656935,2.080874,241,68.46473,"('B-2019-01', '2019-05-17', -2.223565)",B,,1,5,-2.525597,-2.223565,-3.446717,-2.223565,-3.8805,0.878915,2019,-2.223565,-2.223565,1,0.931605,0.0,"('B-2019-01', '2019-05-17', -2.223565)"
-0.870094,2.414199,3.006771,3.809752,241,78.008299,"('B-2019-01', '2019-05-17', 0.192697)",B,,1,10,-3.21242,0.192697,-2.221502,0.192697,-2.814074,0.878915,2019,0.192697,0.192697,1,0.931605,100.0,"('B-2019-01', '2019-05-17', 0.192697)"
-1.199842,4.447455,6.81567,7.868262,241,76.348548,"('B-2019-01', '2019-05-17', 1.64789)",B,,1,20,-3.21242,1.64789,-2.799565,1.64789,-5.16778,2.828234,2019,1.64789,1.64789,1,0.931605,100.0,"('B-2019-01', '2019-05-17', 1.64789)"
-2.017334,7.70977,9.340576,12.984022,241,76.348548,"('B-2019-01', '2019-05-17', 11.944184)",B,,1,40,-3.21242,11.944184,4.234414,11.944184,2.603608,11.944184,2019,11.944184,11.944184,1,0.931605,100.0,"('B-2019-01', '2019-05-17', 11.944184)"
-2.366754,8.094785,8.392753,14.205923,241,85.477178,"('B-2019-01', '2019-05-17', 4.86031)",B,,1,60,-3.21242,4.86031,-3.234475,4.86031,-3.532443,14.690265,2019,4.86031,4.86031,1,0.931605,100.0,"('B-2019-01', '2019-05-17', 4.86031)"
-0.585187,1.223152,1.656935,2.080874,241,68.46473,,C,,0,5,,,,,,,2019,,,0,1.902797,,
-0.870094,2.414199,3.006771,3.809752,241,78.008299,,C,,0,10,,,,,,,2019,,,0,1.902797,,
-1.199842,4.447455,6.81567,7.868262,241,76.348548,,C,,0,20,,,,,,,2019,,,0,1.902797,,
-2.017334,7.70977,9.340576,12.984022,241,76.348548,,C,,0,40,,,,,,,2019,,,0,1.902797,,
-2.366754,8.094785,8.392753,14.205923,241,85.477178,,C,,0,60,,,,,,,2019,,,0,1.902797,,
-0.585187,1.223152,1.656935,2.080874,241,68.46473,"('D-2019-02', '2019-08-05', -0.546564)",D,-6.025851,2,5,-1.778876,-1.208163,-2.431315,-1.208163,-2.865098,1.063754,2019,-1.538963,-0.877364,2,1.357523,0.0,"('D-2019-01', '2019-05-14', -1.869763)"
-0.870094,2.414199,3.006771,3.809752,241,78.008299,"('D-2019-02', '2019-08-05', 2.343808)",D,-6.025851,2,10,-3.267659,-1.352158,-3.766357,-1.352158,-4.358929,1.532401,2019,-3.200142,0.495825,2,1.357523,50.0,"('D-2019-01', '2019-05-14', -5.048125)"
-1.199842,4.447455,6.81567,7.868262,241,76.348548,"('D-2019-02', '2019-08-05', 3.437509)",D,-6.025851,2,20,-3.601713,1.731975,-2.71548,1.731975,-5.083695,2.75644,2019,0.879209,2.584742,2,1.357523,100.0,"('D-2019-01', '2019-05-14', 0.026442)"
-2.017334,7.70977,9.340576,12.984022,241,76.348548,"('D-2019-02', '2019-08-05', 11.458363)",D,-6.025851,2,40,-3.601713,9.054445,1.344675,9.054445,-0.286131,10.41984,2019,7.852486,10.256404,2,1.357523,100.0,"('D-2019-01', '2019-05-14', 6.650527)"
-2.366754,8.094785,8.392753,14.205923,241,85.477178,"('D-2019-02', '2019-08-05', 29.583775)",D,-6.025851,2,60,-3.601713,15.64656,7.551775,15.64656,7.253807,20.57452,2019,8.677953,22.615168,2,1.357523,100.0,"('D-2019-01', '2019-05-14', 1.709346)"
-1.083763,1.461522,2.049039,3.11544,245,65.306122,"('A-2020-04', '2020-08-20', 7.825406)",A,,5,5,-0.704457,-2.001379,-3.462901,5.901781,3.852742,5.901781,2020,-0.253703,5.906948,5,1.275349,60.0,"('A-2020-03', '2020-03-11', -29.387325)"
-1.765243,3.109777,3.74997,5.793012,245,70.612245,"('A-2020-05', '2020-09-24', 12.801334)",A,,5,10,-0.704457,-3.378258,-6.488035,6.632379,2.882409,6.632379,2020,-20.355371,7.08422,5,1.275349,60.0,"('A-2020-03', '2020-03-11', -23.05385)"
-2.598351,6.833053,9.338909,11.464116,245,73.877551,"('A-2020-05', '2020-09-24', 11.720902)",A,,5,20,-2.051815,-4.378011,-11.211064,-2.051815,-11.390724,7.461312,2020,-13.035812,9.555324,5,1.275349,40.0,"('A-2020-02', '2020-02-27', -28.078653)"
-2.694542,15.185975,23.059837,26.721165,245,78.77551,"('A-2020-05', '2020-09-24', 30.507043)",A,,5,40,-39.198638,0.599155,-14.58682,3.339515,-19.720322,7.461312,2020,-11.510674,10.214237,5,1.275349,60.0,"('A-2020-01', '2020-01-30', -29.554346)"
-2.694542,26.823805,32.501395,36.591799,245,83.265306,"('A-2020-05', '2020-09-24', 37.905117)",A,,5,60,-39.198638,11.986272,-14.837533,15.03871,-17.462685,15.03871,2020,-5.056839,25.370684,5,1.275349,60.0,"('A-2020-01', '2020-01-30', -13.326312)"
-1.083763,1.461522,2.049039,3.11544,245,65.306122,"('B-2020-01', '2020-02-03', 3.840237)",B,,3,5,-4.333596,-7.481748,-8.94327,-4.333596,-6.382635,5.476762,2020,-13.142741,-0.246679,3,0.887411,33.333333,"('B-2020-03', '2020-03-09', -21.951885)"
-1.765243,3.109777,3.74997,5.793012,245,70.612245,"('B-2020-01', '2020-02-03', 7.388887)",B,,3,10,-25.334175,-18.092082,-21.201859,-25.334175,-29.084145,5.476762,2020,-30.832566,-8.972644,3,0.887411,33.333333,"('B-2020-03', '2020-03-09', -36.330957)"
-2.598351,6.833053,9.338909,11.464116,245,73.877551,"('B-2020-01', '2020-02-03', -0.876601)",B,,3,20,-40.500392,-14.318454,-21.151507,-14.73954,-24.078449,5.476762,2020,-21.039381,-7.80807,3,0.887411,0.0,"('B-2020-02', '2020-03-02', -27.339222)"
-2.694542,15.185975,23.059837,26.721165,245,78.77551,"('B-2020-03', '2020-03-09', -1.690285)",B,,3,40,-43.078864,-12.740916,-27.926891,-7.373659,-30.433496,5.476762,2020,-18.266231,-4.531972,3,0.887411,0.0,"('B-2020-01', '2020-02-03', -29.158803)"
-2.694542,26.823805,32.501395,36.591799,245,83.265306,"('B-2020-03', '2020-03-09', 8.519352)",B,,3,60,-43.078864,-0.888319,-27.712124,-4.463091,-36.964486,8.223701,2020,-5.592155,2.02813,3,0.887411,33.333333,"('B-2020-01', '2020-02-03', -6.721219)"
-1.083763,1.461522,2.049039,3.11544,245,65.306122,"('C-2020-01', '2020-01-30', 5.906948)",C,,3,5,-0.704457,-5.859532,-7.321054,5.901781,3.852742,5.901781,2020,-11.742772,5.904364,3,1.803951,66.666667,"('C-2020-02', '2020-03-11', -29.387325)"
-1.765243,3.109777,3.74997,5.793012,245,70.612245,"('C-2020-03', '2020-09-24', 12.801334)",C,,3,10,-0.704457,-1.206712,-4.316489,6.632379,2.882409,6.632379,2020,-8.210736,9.716857,3,1.803951,66.666667,"('C-2020-02', '2020-03-11', -23.05385)"
-2.598351,6.833053,9.338909,11.464116,245,73.877551,"('C-2020-03', '2020-09-24', 11.720902)",C,,3,20,-2.051815,-1.122242,-7.955295,-2.051815,-11.390724,7.461312,2020,-7.543813,4.834544,3,1.803951,33.333333,"('C-2020-02', '2020-03-11', -13.035812)"
-2.694542,15.185975,23.059837,26.721165,245,78.77551,"('C-2020-03', '2020-09-24', 30.507043)",C,,3,40,-39.198638,1.430737,-13.755238,3.339515,-19.720322,7.461312,2020,-13.107415,16.923279,3,1.803951,66.666667,"('C-2020-01', '2020-01-30', -29.554346)"
-2.694542,26.823805,32.501395,36.591799,245,83.265306,"('C-2020-03', '2020-09-24', 37.905117)",C,,3,60,-39.198638,13.205838,-13.617967,15.03871,-17.462685,15.03871,2020,0.856199,26.471913,3,1.803951,66.666667,"('C-2020-01', '2020-01-30', -13.326312)"
-1.083763,1.461522,2.049039,3.11544,245,65.306122,"('D-2020-04', '2020-08-20', 7.825406)",D,-5.86476,5,5,-0.704457,-2.001379,-3.462901,5.901781,3.852742,5.901781,2020,-0.253703,5.906948,5,1.275349,60.0,"('D-2020-03', '2020-03-11', -29.387325)"
-1.765243,3.109777,3.74997,5.793012,245,70.612245,"('D-2020-05', '2020-09-24', 12.801334)",D,-5.86476,5,10,-0.704457,-3.378258,-6.488035,6.632379,2.882409,6.632379,2020,-20.355371,7.08422,5,1.275349,60.0,"('D-2020-03', '2020-03-11', -23.05385)"
-2.598351,6.833053,9.338909,11.464116,245,73.877551,"('D-2020-05', '2020-09-24', 11.720902)",D,-5.86476,5,20,-2.051815,-4.378011,-11.211064,-2.051815,-11.390724,7.461312,2020,-13.035812,9.555324,5,1.275349,40.0,"('D-2020-02', '2020-02-27', -28.078653)"
-2.694542,15.185975,23.059837,26.721165,245,78.77551,"('D-2020-05', '2020-09-24', 30.507043)",D,-5.86476,5,40,-39.198638,0.599155,-14.58682,3.339515,-19.720322,7.461312,2020,-11.510674,10.214237,5,1.275349,60.0,"('D-2020-01', '2020-01-30', -29.554346)"
-2.694542,26.823805,32.501395,36.591799,245,83.265306,"('D-2020-05', '2020-09-24', 37.905117)",D,-5.86476,5,60,-39.198638,11.986272,-14.837533,15.03871,-17.462685,15.03871,2020,-5.056839,25.370684,5,1.275349,60.0,"('D-2020-01', '2020-01-30', -13.326312)"
-1.254456,1.038616,1.396265,2.602279,243,61.728395,"('A-2021-04', '2021-08-19', 8.922323)",A,,5,5,-3.526995,1.287201,0.248585,3.725683,2.329418,5.216175,2021,1.588747,4.138975,5,1.433145,80.0,"('A-2021-02', '2021-05-05', -11.939724)"
-2.028595,1.912081,2.530281,4.250385,243,66.666667,"('A-2021-01', '2021-01-28', 13.859891)",A,,5,10,-3.526995,6.418392,4.506311,10.751747,8.221466,10.799264,2021,2.801139,12.974114,5,1.433145,80.0,"('A-2021-02', '2021-05-05', -8.294931)"
-3.59998,3.316555,4.097446,7.879808,243,67.489712,"('A-2021-03', '2021-05-12', 14.985755)",A,,5,20,-3.526995,8.616269,5.299714,6.939938,2.842492,14.754098,2021,5.166339,12.931062,5,1.433145,100.0,"('A-2021-02', '2021-05-05', 3.058249)"
-5.944656,5.514741,5.150919,10.456694,243,74.074074,"('A-2021-03', '2021-05-12', 27.973508)",A,,5,40,-3.526995,15.157255,9.642514,10.305806,5.154887,16.93155,2021,9.615441,19.572678,5,1.433145,100.0,"('A-2021-04', '2021-08-19', 8.318841)"
-9.290543,7.042144,6.601435,12.306016,243,72.839506,"('A-2021-03', '2021-05-12', 26.546124)",A,,5,60,-3.526995,19.54948,12.507336,20.06692,13.465485,20.06692,2021,17.887887,24.49071,5,1.433145,100.0,"('A-2021-02', '2021-05-05', 8.75576)"
-1.254456,1.038616,1.396265,2.602279,243,61.728395,"('B-2021-02', '2021-08-19', 8.922323)",B,,3,5,-0.431086,1.598146,0.55953,0.338705,-1.05756,4.062788,2021,-2.063943,4.630514,3,0.976443,66.666667,"('B-2021-01', '2021-05-11', -4.466591)"
-2.028595,1.912081,2.530281,4.250385,243,66.666667,"('B-2021-02', '2021-08-19', 12.974114)",B,,3,10,-0.592315,6.773115,4.861034,6.347885,3.817604,6.347885,2021,3.672615,9.660999,3,0.976443,100.0,"('B-2021-01', '2021-05-11', 0.997346)"
-3.59998,3.316555,4.097446,7.879808,243,67.489712,"('B-2021-02', '2021-08-19', 12.931062)",B,,3,20,-0.592315,8.81677,5.500215,7.448165,3.350719,8.379186,2021,6.759624,10.189614,3,0.976443,100.0,"('B-2021-01', '2021-05-11', 6.071083)"
-5.944656,5.514741,5.150919,10.456694,243,74.074074,"('B-2021-01', '2021-05-11', 16.088427)",B,,3,40,-0.592315,11.958589,6.443848,11.468499,6.31758,17.866363,2021,9.89367,13.778463,3,0.976443,100.0,"('B-2021-02', '2021-08-19', 8.318841)"
-9.290543,7.042144,6.601435,12.306016,243,72.839506,"('B-2021-03', '2021-10-04', 23.275517)",B,,3,60,-0.592315,19.055068,12.012924,17.887887,11.286452,19.557672,2021,16.944844,20.581702,3,0.976443,100.0,"('B-2021-01', '2021-05-11', 16.001801)"
-1.254456,1.038616,1.396265,2.602279,243,61.728395,"('C-2021-01', '2021-01-29', 9.37163)",C,,3,5,-0.253796,4.616437,3.577821,4.138975,2.74271,4.805046,2021,2.23884,6.755302,3,1.942799,100.0,"('C-2021-03', '2021-10-04', 0.338705)"
-2.028595,1.912081,2.530281,4.250385,243,66.666667,"('C-2021-01', '2021-01-29', 18.794918)",C,,3,10,-0.592315,11.96485,10.052769,10.751747,8.221466,10.799264,2021,8.549816,14.773332,3,1.942799,100.0,"('C-2021-03', '2021-10-04', 6.347885)"
-3.59998,3.316555,4.097446,7.879808,243,67.489712,"('C-2021-02', '2021-05-12', 14.985755)",C,,3,20,-0.592315,10.704864,7.388309,9.680672,5.583226,18.839212,2021,8.564419,12.333213,3,1.942799,100.0,"('C-2021-03', '2021-10-04', 7.448165)"
-5.944656,5.514741,5.150919,10.456694,243,74.074074,"('C-2021-02', '2021-05-12', 27.973508)",C,,3,40,-0.592315,20.991428,15.476687,23.532277,18.381358,24.92274,2021,17.500388,25.752893,3,1.942799,100.0,"('C-2021-03', '2021-10-04', 11.468499)"
-9.290543,7.042144,6.601435,12.306016,243,72.839506,"('C-2021-02', '2021-05-12', 26.546124)",C,,3,60,-0.592315,22.855042,15.812898,23.275517,16.674082,31.160893,2021,21.009501,24.91082,3,1.942799,100.0,"('C-2021-01', '2021-01-29', 18.743486)"
-1.254456,1.038616,1.396265,2.602279,243,61.728395,"('D-2021-04', '2021-08-19', 8.922323)",D,-6.01034,5,5,-3.526995,1.287201,0.248585,3.725683,2.329418,5.216175,2021,1.588747,4.138975,5,1.433145,80.0,"('D-2021-02', '2021-05-05', -11.939724)"
-2.028595,1.912081,2.530281,4.250385,243,66.666667,"('D-2021-01', '2021-01-28', 13.859891)",D,-6.01034,5,10,-3.526995,6.418392,4.506311,10.751747,8.221466,10.799264,2021,2.801139,12.974114,5,1.433145,80.0,"('D-2021-02', '2021-05-05', -8.294931)"
-3.59998,3.316555,4.097446,7.879808,243,67.489712,"('D-2021-03', '2021-05-12', 14.985755)",D,-6.01034,5,20,-3.526995,8.616269,5.299714,6.939938,2.842492,14.754098,2021,5.166339,12.931062,5,1.433145,100.0,"('D-2021-02', '2021-05-05', 3.058249)"
-5.944656,5.514741,5.150919,10.456694,243,74.074074,"('D-2021-03', '2021-05-12', 27.973508)",D,-6.01034,5,40,-3.526995,15.157255,9.642514,10.305806,5.154887,16.93155,2021,9.615441,19.572678,5,1.433145,100.0,"('D-2021-04', '2021-08-19', 8.318841)"
-9.290543,7.042144,6.601435,12.306016,243,72.839506,"('D-2021-03', '2021-05-12', 26.546124)",D,-6.01034,5,60,-3.526995,19.54948,12.507336,20.06692,13.465485,20.06692,2021,17.887887,24.49071,5,1.433145,100.0,"('D-2021-02', '2021-05-05', 8.75576)"
-3.292549,-0.72559,-0.593989,1.783805,246,43.902439,"('A-2022-01', '2022-01-25', 7.202268)",A,,11,5,-1.343826,0.74502,1.47061,1.504049,2.098038,3.675826,2022,-1.180907,3.59592,11,1.496034,63.636364,"('A-2022-10', '2022-09-26', -7.543888)"
-5.234654,-1.274596,-2.77434,2.812439,246,37.804878,"('A-2022-03', '2022-03-08', 9.796795)",A,,11,10,-4.782609,-1.530407,-0.255811,-4.593885,-1.819545,3.895642,2022,-5.632264,4.491608,11,1.496034,36.363636,"('A-2022-10', '2022-09-26', -10.550262)"
-8.869083,-1.839513,-4.610137,3.615057,246,34.95935,"('A-2022-08', '2022-07-01', 12.831459)",A,,11,20,-8.165048,-2.493242,-0.653729,-0.144915,4.465222,4.85588,2022,-13.337569,6.637519,11,1.496034,45.454545,"('A-2022-09', '2022-09-02', -18.007915)"
-15.651422,-3.146935,-8.536577,6.135903,246,39.02439,"('A-2022-11', '2022-10-12', 26.081456)",A,,11,40,-12.20465,-1.545506,1.601429,-4.634129,3.902448,7.202268,2022,-10.946091,4.470471,11,1.496034,27.272727,"('A-2022-09', '2022-09-02', -21.327836)"
-20.478756,-3.75126,-8.96753,7.072145,246,33.333333,"('A-2022-11', '2022-10-12', 20.228789)",A,,11,60,-17.220527,-6.111051,-2.359791,-4.547934,4.419596,7.202268,2022,-13.575167,-0.121131,11,1.496034,27.272727,"('A-2022-04', '2022-04-11', -30.07913)"
-3.292549,-0.72559,-0.593989,1.783805,246,43.902439,"('B-2022-02', '2022-03-15', 8.169868)",B,,10,5,-4.172531,0.811493,1.537083,0.773247,1.367236,2.074626,2022,-1.053274,2.61844,10,1.021535,70.0,"('B-2022-08', '2022-09-26', -7.543888)"
-5.234654,-1.274596,-2.77434,2.812439,246,37.804878,"('B-2022-02', '2022-03-15', 8.169868)",B,,10,10,-4.643602,-2.148705,-0.874109,-1.034979,1.739361,3.104483,2022,-7.661485,3.851195,10,1.021535,50.0,"('B-2022-05', '2022-06-17', -13.772087)"
-8.869083,-1.839513,-4.610137,3.615057,246,34.95935,"('B-2022-10', '2022-10-20', 27.966131)",B,,10,20,-5.523104,1.084896,2.924409,3.805666,8.415803,6.042334,2022,-8.297968,5.440344,10,1.021535,60.0,"('B-2022-07', '2022-09-02', -18.007915)"
-15.651422,-3.146935,-8.536577,6.135903,246,39.02439,"('B-2022-10', '2022-10-20', 30.89985)",B,,10,40,-13.310959,2.217318,5.364253,-1.487468,7.049109,9.518581,2022,-11.784629,16.11036,10,1.021535,50.0,"('B-2022-07', '2022-09-02', -21.327836)"
-20.478756,-3.75126,-8.96753,7.072145,246,33.333333,"('B-2022-10', '2022-10-20', 33.768171)",B,,10,60,-16.498669,0.912898,4.664158,-4.701569,4.265961,9.518581,2022,-9.197913,3.839457,10,1.021535,40.0,"('B-2022-03', '2022-04-27', -12.075694)"
-3.292549,-0.72559,-0.593989,1.783805,246,43.902439,"('C-2022-02', '2022-05-12', 4.538978)",C,,6,5,-1.860577,1.92805,2.65364,2.078456,2.672445,5.032974,2022,1.467283,3.897135,6,1.954148,83.333333,"('C-2022-03', '2022-06-17', -2.894511)"
-5.234654,-1.274596,-2.77434,2.812439,246,37.804878,"('C-2022-01', '2022-03-08', 9.796795)",C,,6,10,-3.169714,-0.649569,0.625027,2.97528,5.74962,5.534958,2022,-7.571954,4.655083,6,1.954148,66.666667,"('C-2022-03', '2022-06-17', -13.772087)"
-8.869083,-1.839513,-4.610137,3.615057,246,34.95935,"('C-2022-04', '2022-07-01', 12.831459)",C,,6,20,-3.169714,3.452565,5.292078,7.730113,12.34025,12.426492,2022,-5.60268,10.998374,6,1.954148,66.666667,"('C-2022-03', '2022-06-17', -9.617146)"
-15.651422,-3.146935,-8.536577,6.135903,246,39.02439,"('C-2022-06', '2022-10-13', 28.968443)",C,,6,40,-8.993819,8.838,11.984935,10.003367,18.539944,17.04819,2022,-2.927034,19.426495,6,1.954148,66.666667,"('C-2022-02', '2022-05-12', -11.277544)"
-20.478756,-3.75126,-8.96753,7.072145,246,33.333333,"('C-2022-06', '2022-10-13', 26.85196)",C,,6,60,-12.855624,4.790879,8.542139,-1.2921,7.67543,17.379967,2022,-3.858105,10.211593,6,1.954148,33.333333,"('C-2022-03', '2022-06-17', -4.855203)"
-3.292549,-0.72559,-0.593989,1.783805,246,43.902439,"('D-2022-01', '2022-01-25', 7.202268)",D,-6.11956,11,5,-1.343826,0.74502,1.47061,1.504049,2.098038,3.675826,2022,-1.180907,3.59592,11,1.496034,63.636364,"('D-2022-10', '2022-09-26', -7.543888)"
-5.234654,-1.274596,-2.77434,2.812439,246,37.804878,"('D-2022-03', '2022-03-08', 9.796795)",D,-6.11956,11,10,-4.782609,-1.530407,-0.255811,-4.593885,-1.819545,3.895642,2022,-5.632264,4.491608,11,1.496034,36.363636,"('D-2022-10', '2022-09-26', -10.550262)"
-8.869083,-1.839513,-4.610137,3.615057,246,34.95935,"('D-2022-08', '2022-07-01', 12.831459)",D,-6.11956,11,20,-8.165048,-2.493242,-0.653729,-0.144915,4.465222,4.85588,2022,-13.337569,6.637519,11,1.496034,45.454545,"('D-2022-09', '2022-09-02', -18.007915)"
-15.651422,-3.146935,-8.536577,6.135903,246,39.02439,"('D-2022-11', '2022-10-12', 26.081456)",D,-6.11956,11,40,-12.20465,-1.545506,1.601429,-4.634129,3.902448,7.202268,2022,-10.946091,4.470471,11,1.496034,27.272727,"('D-2022-09', '2022-09-02', -21.327836)"
-20.478756,-3.75126,-8.96753,7.072145,246,33.333333,"('D-2022-11', '2022-10-12', 20.228789)",D,-6.11956,11,60,-17.220527,-6.111051,-2.359791,-4.547934,4.419596,7.202268,2022,-13.575167,-0.121131,11,1.496034,27.272727,"('D-2022-04', '2022-04-11', -30.07913)"
-1.105252,0.959221,0.936481,1.901512,239,58.158996,,A,,0,5,,,,,,,2023,,,0,1.612006,,
-1.727275,1.76345,1.545389,3.432754,239,61.924686,,A,,0,10,,,,,,,2023,,,0,1.612006,,
-2.950193,3.097895,2.21178,4.869695,239,66.945607,,A,,0,20,,,,,,,2023,,,0,1.612006,,
-4.011971,6.649253,6.689837,8.297519,239,75.732218,,A,,0,40,,,,,,,2023,,,0,1.612006,,
-4.451279,11.558129,12.044209,16.148861,239,81.589958,,A,,0,60,,,,,,,2023,,,0,1.612006,,
-1.105252,0.959221,0.936481,1.901512,239,58.158996,,B,,0,5,,,,,,,2023,,,0,1.124627,,
-1.727275,1.76345,1.545389,3.432754,239,61.924686,,B,,0,10,,,,,,,2023,,,0,1.124627,,
-2.950193,3.097895,2.21178,4.869695,239,66.945607,,B,,0,20,,,,,,,2023,,,0,1.124627,,
-4.011971,6.649253,6.689837,8.297519,239,75.732218,,B,,0,40,,,,,,,2023,,,0,1.124627,,
-4.451279,11.558129,12.044209,16.148861,239,81.589958,,B,,0,60,,,,,,,2023,,,0,1.124627,,
-1.105252,0.959221,0.936481,1.901512,239,58.158996,,C,,0,5,,,,,,,2023,,,0,2.019986,,
-1.727275,1.76345,1.545389,3.432754,239,61.924686,,C,,0,10,,,,,,,2023,,,0,2.019986,,
-2.950193,3.097895,2.21178,4.869695,239,66.945607,,C,,0,20,,,,,,,2023,,,0,2.019986,,
-4.011971,6.649253,6.689837,8.297519,239,75.732218,,C,,0,40,,,,,,,2023,,,0,2.019986,,
-4.451279,11.558129,12.044209,16.148861,239,81.589958,,C,,0,60,,,,,,,2023,,,0,2.019986,,
-1.105252,0.959221,0.936481,1.901512,239,58.158996,,D,-7.508404,0,5,,,,,,,2023,,,0,1.612006,,
-1.727275,1.76345,1.545389,3.432754,239,61.924686,,D,-7.508404,0,10,,,,,,,2023,,,0,1.612006,,
-2.950193,3.097895,2.21178,4.869695,239,66.945607,,D,-7.508404,0,20,,,,,,,2023,,,0,1.612006,,
-4.011971,6.649253,6.689837,8.297519,239,75.732218,,D,-7.508404,0,40,,,,,,,2023,,,0,1.612006,,
-4.451279,11.558129,12.044209,16.148861,239,81.589958,,D,-7.508404,0,60,,,,,,,2023,,,0,1.612006,,
-0.856149,1.234666,1.912299,3.238242,242,62.809917,"('A-2024-03', '2024-08-05', 22.668205)",A,,5,5,-0.417519,2.618832,1.384166,-0.417519,-2.329818,3.653289,2024,-3.093375,3.834597,5,1.533773,40.0,"('A-2024-02', '2024-07-18', -9.897747)"
-1.855732,2.371894,3.266449,5.113293,242,66.942149,"('A-2024-03', '2024-08-05', 30.469188)",A,,5,10,-2.822085,2.93291,0.561016,4.719966,1.453517,5.333268,2024,1.486445,9.727343,5,1.533773,80.0,"('A-2024-02', '2024-07-18', -31.738394)"
-3.809829,4.64207,3.896054,8.789735,242,64.46281,"('A-2024-03', '2024-08-05', 28.886407)",A,,5,20,-2.822085,10.137826,5.495756,12.74662,8.850566,12.74662,2024,2.972891,17.02285,5,1.533773,80.0,"('A-2024-02', '2024-07-18', -10.939637)"
-5.316335,8.247833,7.359333,12.737937,242,71.07438,"('A-2024-03', '2024-08-05', 30.017001)",A,,5,40,-2.822085,12.215859,3.968026,21.223332,13.863999,24.883407,2024,0.193839,24.906573,5,1.533773,80.0,"('A-2024-02', '2024-07-18', -15.261449)"
-7.968784,9.087436,5.239593,17.210454,242,67.768595,"('A-2024-01', '2024-04-16', 50.346661)",A,,5,60,-2.822085,22.280443,13.193007,20.363543,15.12395,24.883407,2024,5.945687,36.772206,5,1.533773,80.0,"('A-2024-02', '2024-07-18', -2.025884)"
-0.856149,1.234666,1.912299,3.238242,242,62.809917,"('B-2024-04', '2024-09-11', 10.187396)",B,,4,5,-0.208759,4.162493,2.927827,3.822617,1.910318,6.59702,2024,-0.608804,8.593914,4,1.065012,50.0,"('B-2024-02', '2024-07-22', -1.182657)"
-1.855732,2.371894,3.266449,5.113293,242,66.942149,"('B-2024-04', '2024-09-11', 19.289553)",B,,4,10,-0.208759,7.038596,4.666702,10.229638,6.963189,10.229638,2024,4.396896,12.871338,4,1.065012,75.0,"('B-2024-02', '2024-07-22', -11.594445)"
-3.809829,4.64207,3.896054,8.789735,242,64.46281,"('B-2024-04', '2024-09-11', 23.038886)",B,,4,20,-0.208759,14.229803,9.587733,18.693055,14.797001,19.577379,2024,11.890691,21.032167,4,1.065012,75.0,"('B-2024-02', '2024-07-22', -3.505784)"
-5.316335,8.247833,7.359333,12.737937,242,71.07438,"('B-2024-01', '2024-04-23', 42.625277)",B,,4,40,-0.208759,18.962542,10.714709,19.442432,12.083099,25.145206,2024,11.831156,26.573818,4,1.065012,75.0,"('B-2024-02', '2024-07-22', -5.659972)"
-7.968784,9.087436,5.239593,17.210454,242,67.768595,"('B-2024-01', '2024-04-23', 42.625277)",B,,4,60,-0.208759,21.777173,12.689737,18.70419,13.464597,25.145206,2024,14.552387,25.928976,4,1.065012,100.0,"('B-2024-02', '2024-07-22', 7.075035)"
-0.856149,1.234666,1.912299,3.238242,242,62.809917,"('C-2024-03', '2024-08-05', 22.668205)",C,,4,5,-0.362391,6.887142,5.652476,3.03151,1.119211,5.587245,2024,-0.608804,10.527456,4,1.955586,50.0,"('C-2024-02', '2024-07-22', -1.182657)"
-1.855732,2.371894,3.266449,5.113293,242,66.942149,"('C-2024-03', '2024-08-05', 30.469188)",C,,4,10,-0.362391,9.922891,7.550997,10.408411,7.141962,10.408411,2024,4.396896,15.934407,4,1.955586,75.0,"('C-2024-02', '2024-07-22', -11.594445)"
-3.809829,4.64207,3.896054,8.789735,242,64.46281,"('C-2024-03', '2024-08-05', 28.886407)",C,,4,20,-0.362391,15.384395,10.742325,18.07848,14.182426,19.214205,2024,11.890691,21.572183,4,1.955586,75.0,"('C-2024-02', '2024-07-22', -3.505784)"
-5.316335,8.247833,7.359333,12.737937,242,71.07438,"('C-2024-01', '2024-04-19', 36.396743)",C,,4,40,-0.362391,20.494276,12.246443,25.620166,18.260833,30.640075,2024,14.502506,31.611936,4,1.955586,75.0,"('C-2024-02', '2024-07-22', -5.659972)"
-7.968784,9.087436,5.239593,17.210454,242,67.768595,"('C-2024-01', '2024-04-19', 51.95542)",C,,4,60,-0.362391,29.041551,19.954115,28.567874,23.328281,34.290225,2024,17.041416,40.568009,4,1.955586,100.0,"('C-2024-02', '2024-07-22', 7.075035)"
-0.856149,1.234666,1.912299,3.238242,242,62.809917,"('D-2024-03', '2024-08-05', 22.668205)",D,-6.978443,5,5,-0.417519,2.618832,1.384166,-0.417519,-2.329818,3.653289,2024,-3.093375,3.834597,5,1.533773,40.0,"('D-2024-02', '2024-07-18', -9.897747)"
-1.855732,2.371894,3.266449,5.113293,242,66.942149,"('D-2024-03', '2024-08-05', 30.469188)",D,-6.978443,5,10,-2.822085,2.93291,0.561016,4.719966,1.453517,5.333268,2024,1.486445,9.727343,5,1.533773,80.0,"('D-2024-02', '2024-07-18', -31.738394)"
-3.809829,4.64207,3.896054,8.789735,242,64.46281,"('D-2024-03', '2024-08-05', 28.886407)",D,-6.978443,5,20,-2.822085,10.137826,5.495756,12.74662,8.850566,12.74662,2024,2.972891,17.02285,5,1.533773,80.0,"('D-2024-02', '2024-07-18', -10.939637)"
-5.316335,8.247833,7.359333,12.737937,242,71.07438,"('D-2024-03', '2024-08-05', 30.017001)",D,-6.978443,5,40,-2.822085,12.215859,3.968026,21.223332,13.863999,24.883407,2024,0.193839,24.906573,5,1.533773,80.0,"('D-2024-02', '2024-07-18', -15.261449)"
-7.968784,9.087436,5.239593,17.210454,242,67.768595,"('D-2024-01', '2024-04-16', 50.346661)",D,-6.978443,5,60,-2.822085,22.280443,13.193007,20.363543,15.12395,24.883407,2024,5.945687,36.772206,5,1.533773,80.0,"('D-2024-02', '2024-07-18', -2.025884)"
-1.351569,1.224373,1.897623,2.941861,243,63.374486,"('A-2025-04', '2025-04-22', 14.962961)",A,,5,5,-1.190342,-1.997709,-3.222082,4.712818,2.815195,6.080095,2025,-2.484287,6.615756,5,1.606642,60.0,"('A-2025-03', '2025-03-31', -33.795794)"
-2.230119,2.609157,3.59067,5.289206,243,69.958848,"('A-2025-04', '2025-04-22', 17.182195)",A,,5,10,-1.190342,1.441989,-1.167168,4.650647,1.059977,8.283703,2025,-5.295339,7.897633,5,1.606642,60.0,"('A-2025-03', '2025-03-31', -17.22519)"
-2.718366,5.762013,8.296894,10.115038,243,74.485597,"('A-2025-04', '2025-04-22', 34.162735)",A,,5,20,-1.190342,4.212797,-1.549216,6.417826,-1.879068,9.563372,2025,-10.837705,8.078612,5,1.606642,60.0,"('A-2025-02', '2025-03-03', -16.757482)"
-3.746398,13.086829,19.320591,22.132407,243,74.897119,"('A-2025-04', '2025-04-22', 37.928774)",A,,5,40,-6.637564,9.431097,-3.655732,0.497361,-18.82323,9.563372,2025,-2.969424,37.477832,5,1.606642,60.0,"('A-2025-02', '2025-03-03', -25.77906)"
-3.746398,22.062362,30.392735,35.096031,243,78.600823,"('A-2025-05', '2025-11-19', 65.449501)",A,,5,60,-33.795794,16.879374,-5.182988,11.099401,-19.293334,11.910982,2025,-16.343466,57.532005,5,1.606642,60.0,"('A-2025-01', '2025-01-13', -33.340571)"
-1.351569,1.224373,1.897623,2.941861,243,63.374486,"('B-2025-01', '2025-03-11', 1.647398)",B,,2,5,-17.292315,-16.074198,-17.298571,-16.074198,-17.971821,3.258269,2025,-24.934996,-7.2134,2,1.090782,50.0,"('B-2025-02', '2025-03-31', -33.795794)"
-2.230119,2.609157,3.59067,5.289206,243,69.958848,"('B-2025-01', '2025-03-11', 2.204187)",B,,2,10,-17.292315,-7.510502,-10.119659,-7.510502,-11.101172,3.989119,2025,-12.367846,-2.653157,2,1.090782,50.0,"('B-2025-02', '2025-03-31', -17.22519)"
-2.718366,5.762013,8.296894,10.115038,243,74.485597,"('B-2025-02', '2025-03-31', -10.837705)",B,,2,20,-37.559123,-20.221643,-25.983656,-20.221643,-28.518537,3.989119,2025,-24.913613,-15.529674,2,1.090782,0.0,"('B-2025-01', '2025-03-11', -29.605582)"
-3.746398,13.086829,19.320591,22.132407,243,74.897119,"('B-2025-02', '2025-03-31', 0.497361)",B,,2,40,-37.559123,-7.419523,-20.506352,-7.419523,-26.740114,3.989119,2025,-11.377964,-3.461081,2,1.090782,50.0,"('B-2025-01', '2025-03-11', -15.336406)"
-3.746398,22.062362,30.392735,35.096031,243,78.600823,"('B-2025-02', '2025-03-31', 11.099401)",B,,2,60,-37.559123,1.744617,-20.317745,1.744617,-28.648118,7.51004,2025,-2.932774,6.422009,2,1.090782,50.0,"('B-2025-01', '2025-03-11', -7.610166)"
-1.351569,1.224373,1.897623,2.941861,243,63.374486,"('C-2025-01', '2025-03-31', -33.795794)",C,,1,5,-33.795794,-33.795794,-35.020167,-33.795794,-35.693417,4.86914,2025,-33.795794,-33.795794,1,2.018373,0.0,"('C-2025-01', '2025-03-31', -33.795794)"
-2.230119,2.609157,3.59067,5.289206,243,69.958848,"('C-2025-01', '2025-03-31', -17.22519)",C,,1,10,-33.795794,-17.22519,-19.834347,-17.22519,-20.81586,4.86914,2025,-17.22519,-17.22519,1,2.018373,0.0,"('C-2025-01', '2025-03-31', -17.22519)"
-2.718366,5.762013,8.296894,10.115038,243,74.485597,"('C-2025-01', '2025-03-31', -10.837705)",C,,1,20,-33.795794,-10.837705,-16.599718,-10.837705,-19.134599,4.86914,2025,-10.837705,-10.837705,1,2.018373,0.0,"('C-2025-01', '2025-03-31', -10.837705)"
-3.746398,13.086829,19.320591,22.132407,243,74.897119,"('C-2025-01', '2025-03-31', 0.497361)",C,,1,40,-33.795794,0.497361,-12.589468,0.497361,-18.82323,4.86914,2025,0.497361,0.497361,1,2.018373,100.0,"('C-2025-01', '2025-03-31', 0.497361)"
-3.746398,22.062362,30.392735,35.096031,243,78.600823,"('C-2025-01', '2025-03-31', 11.099401)",C,,1,60,-33.795794,11.099401,-10.962961,11.099401,-19.293334,11.910982,2025,11.099401,11.099401,1,2.018373,100.0,"('C-2025-01', '2025-03-31', 11.099401)"
-1.351569,1.224373,1.897623,2.941861,243,63.374486,"('D-2025-04', '2025-04-22', 14.962961)",D,-6.928894,5,5,-1.190342,-1.997709,-3.222082,4.712818,2.815195,6.080095,2025,-2.484287,6.615756,5,1.606642,60.0,"('D-2025-03', '2025-03-31', -33.795794)"
-2.230119,2.609157,3.59067,5.289206,243,69.958848,"('D-2025-04', '2025-04-22', 17.182195)",D,-6.928894,5,10,-1.190342,1.441989,-1.167168,4.650647,1.059977,8.283703,2025,-5.295339,7.897633,5,1.606642,60.0,"('D-2025-03', '2025-03-31', -17.22519)"
-2.718366,5.762013,8.296894,10.115038,243,74.485597,"('D-2025-04', '2025-04-22', 34.162735)",D,-6.928894,5,20,-1.190342,4.212797,-1.549216,6.417826,-1.879068,9.563372,2025,-10.837705,8.078612,5,1.606642,60.0,"('D-2025-02', '2025-03-03', -16.757482)"
-3.746398,13.086829,19.320591,22.132407,243,74.897119,"('D-2025-04', '2025-04-22', 37.928774)",D,-6.928894,5,40,-6.637564,9.431097,-3.655732,0.497361,-18.82323,9.563372,2025,-2.969424,37.477832,5,1.606642,60.0,"('D-2025-02', '2025-03-03', -25.77906)"
-3.746398,22.062362,30.392735,35.096031,243,78.600823,"('D-2025-05', '2025-11-19', 65.449501)",D,-6.928894,5,60,-33.795794,16.879374,-5.182988,11.099401,-19.293334,11.910982,2025,-16.343466,57.532005,5,1.606642,60.0,"('D-2025-01', '2025-01-13', -33.340571)"
-1.501155,2.737408,3.602305,5.542543,143,63.636364,"('A-2026-02', '2026-03-31', 18.431978)",A,,6,5,-1.014156,8.492843,5.755435,6.82543,3.223125,9.344588,2026,5.501065,8.966594,6,1.651119,100.0,"('A-2026-05', '2026-07-17', 4.134293)"
-4.456898,5.459657,4.765085,9.641564,138,64.492754,"('A-2026-02', '2026-03-31', 34.890966)",A,,6,10,-3.516448,13.429253,7.969596,11.548086,6.783001,11.548086,2026,5.852476,17.68975,6,1.651119,83.333333,"('A-2026-04', '2026-06-29', -1.10253)"
-5.396354,10.407521,10.019846,19.667647,128,72.65625,"('A-2026-02', '2026-03-31', 48.546215)",A,,5,20,-6.772273,12.854622,2.447101,10.411441,0.391595,12.806973,2026,10.029586,10.941875,6,1.651119,80.0,"('A-2026-04', '2026-06-29', -15.656006)"
-5.619495,24.950531,23.159659,33.161377,108,84.259259,"('A-2026-02', '2026-03-31', 91.796464)",A,,3,40,-6.772273,50.000835,25.050304,57.170529,34.01087,60.026415,2026,29.103021,74.483497,6,1.651119,100.0,"('A-2026-03', '2026-06-08', 1.035512)"
-4.51363,47.049097,54.813357,59.014823,88,93.181818,"('A-2026-02', '2026-03-31', 88.369673)",A,,2,60,-3.386137,82.935111,35.886014,82.935111,28.121754,102.19085,2026,80.217829,85.652392,6,1.651119,100.0,"('A-2026-01', '2026-03-04', 77.500548)"
-1.501155,2.737408,3.602305,5.542543,143,63.636364,"('B-2026-02', '2026-03-31', 18.431978)",B,,4,5,-0.170962,8.848863,6.111455,6.414591,2.812286,11.504218,2026,4.832598,10.430856,4,1.125015,100.0,"('B-2026-03', '2026-07-17', 4.134293)"
-4.456898,5.459657,4.765085,9.641564,138,64.492754,"('B-2026-02', '2026-03-31', 34.890966)",B,,4,10,-3.627452,14.132509,8.672852,9.355119,4.590034,14.63053,2026,4.299203,19.188425,4,1.125015,100.0,"('B-2026-01', '2026-03-09', 2.928832)"
-5.396354,10.407521,10.019846,19.667647,128,72.65625,"('B-2026-02', '2026-03-31', 48.546215)",B,,3,20,-1.506299,28.82207,18.414549,26.97812,16.958274,26.97812,2026,18.959998,37.762167,4,1.125015,100.0,"('B-2026-03', '2026-07-17', 10.941875)"
-5.619495,24.950531,23.159659,33.161377,108,84.259259,"('B-2026-02', '2026-03-31', 91.796464)",B,,2,40,-0.75315,77.337079,52.386548,77.337079,54.17742,80.430991,2026,70.107386,84.566771,4,1.125015,100.0,"('B-2026-01', '2026-03-09', 62.877693)"
-4.51363,47.049097,54.813357,59.014823,88,93.181818,"('B-2026-02', '2026-03-31', 88.369673)",B,,2,60,-0.75315,79.663664,32.614567,79.663664,24.850307,107.55252,2026,75.310659,84.016668,4,1.125015,100.0,"('B-2026-01', '2026-03-09', 70.957654)"
-1.501155,2.737408,3.602305,5.542543,143,63.636364,"('C-2026-02', '2026-03-31', 18.431978)",C,,6,5,-1.014156,8.492843,5.755435,6.82543,3.223125,9.344588,2026,5.501065,8.966594,6,2.033335,100.0,"('C-2026-05', '2026-07-17', 4.134293)"
-4.456898,5.459657,4.765085,9.641564,138,64.492754,"('C-2026-02', '2026-03-31', 34.890966)",C,,6,10,-3.516448,13.429253,7.969596,11.548086,6.783001,11.548086,2026,5.852476,17.68975,6,2.033335,83.333333,"('C-2026-04', '2026-06-29', -1.10253)"
-5.396354,10.407521,10.019846,19.667647,128,72.65625,"('C-2026-02', '2026-03-31', 48.546215)",C,,5,20,-6.772273,12.854622,2.447101,10.411441,0.391595,12.806973,2026,10.029586,10.941875,6,2.033335,80.0,"('C-2026-04', '2026-06-29', -15.656006)"
-5.619495,24.950531,23.159659,33.161377,108,84.259259,"('C-2026-02', '2026-03-31', 91.796464)",C,,3,40,-6.772273,50.000835,25.050304,57.170529,34.01087,60.026415,2026,29.103021,74.483497,6,2.033335,100.0,"('C-2026-03', '2026-06-08', 1.035512)"
-4.51363,47.049097,54.813357,59.014823,88,93.181818,"('C-2026-02', '2026-03-31', 88.369673)",C,,2,60,-3.386137,82.935111,35.886014,82.935111,28.121754,102.19085,2026,80.217829,85.652392,6,2.033335,100.0,"('C-2026-01', '2026-03-04', 77.500548)"
-1.501155,2.737408,3.602305,5.542543,143,63.636364,"('D-2026-02', '2026-03-31', 18.431978)",D,-7.051984,6,5,-1.014156,8.492843,5.755435,6.82543,3.223125,9.344588,2026,5.501065,8.966594,6,1.651119,100.0,"('D-2026-05', '2026-07-17', 4.134293)"
-4.456898,5.459657,4.765085,9.641564,138,64.492754,"('D-2026-02', '2026-03-31', 34.890966)",D,-7.051984,6,10,-3.516448,13.429253,7.969596,11.548086,6.783001,11.548086,2026,5.852476,17.68975,6,1.651119,83.333333,"('D-2026-04', '2026-06-29', -1.10253)"
-5.396354,10.407521,10.019846,19.667647,128,72.65625,"('D-2026-02', '2026-03-31', 48.546215)",D,-7.051984,5,20,-6.772273,12.854622,2.447101,10.411441,0.391595,12.806973,2026,10.029586,10.941875,6,1.651119,80.0,"('D-2026-04', '2026-06-29', -15.656006)"
-5.619495,24.950531,23.159659,33.161377,108,84.259259,"('D-2026-02', '2026-03-31', 91.796464)",D,-7.051984,3,40,-6.772273,50.000835,25.050304,57.170529,34.01087,60.026415,2026,29.103021,74.483497,6,1.651119,100.0,"('D-2026-03', '2026-06-08', 1.035512)"
-4.51363,47.049097,54.813357,59.014823,88,93.181818,"('D-2026-02', '2026-03-31', 88.369673)",D,-7.051984,2,60,-3.386137,82.935111,35.886014,82.935111,28.121754,102.19085,2026,80.217829,85.652392,6,1.651119,100.0,"('D-2026-01', '2026-03-04', 77.500548)"
