allocation_pct,analysis,entry_date,entry_index,event_id,exceedance_pct,gross_return,horizon,mae_adjusted_low,median,mfe_adjusted_high,n,net_return_50bps,oos_year,p10,quadrant,regime,signal_date,worst
,event,2018-02-07,796,C-2018-01,,0.51125,5,-8.068125,,1.704375,,0.01125,2018,,A,TRANSITION,2018-02-06,
,event,2018-02-07,796,C-2018-01,,0.994375,10,-8.068125,,5.681875,,0.494375,2018,,A,TRANSITION,2018-02-06,
,event,2018-02-07,796,C-2018-01,,7.38625,20,-8.068125,,9.829375,,6.88625,2018,,A,TRANSITION,2018-02-06,
,event,2018-02-07,796,C-2018-01,,3.494375,40,-8.068125,,9.829375,,2.994375,2018,,A,TRANSITION,2018-02-06,
,event,2018-02-07,796,C-2018-01,,2.840625,60,-8.068125,,9.829375,,2.340625,2018,,A,TRANSITION,2018-02-06,
,event,2018-04-27,843,C-2018-02,,0.900843,5,-1.568963,,2.208952,,0.400843,2018,,A,TRANSITION,2018-04-26,
,event,2018-04-27,843,C-2018-02,,7.43947,10,-1.568963,,7.672193,,6.93947,2018,,A,TRANSITION,2018-04-26,
,event,2018-04-27,843,C-2018-02,,7.933687,20,-1.568963,,8.195181,,7.433687,2018,,A,TRANSITION,2018-04-26,
,event,2018-04-27,843,C-2018-02,,4.79512,40,-1.568963,,12.700036,,4.29512,2018,,A,TRANSITION,2018-04-26,
,event,2018-04-27,843,C-2018-02,,14.356591,60,-1.568963,,14.356591,,13.856591,2018,,A,TRANSITION,2018-04-26,
,event,2018-10-09,957,C-2018-03,,-10.947866,5,-15.689538,,0.133618,,-11.447866,2018,,D,TRANSITION,2018-10-08,
,event,2018-10-09,957,C-2018-03,,-14.757144,10,-16.142549,,0.133618,,-15.257144,2018,,D,TRANSITION,2018-10-08,
,event,2018-10-09,957,C-2018-03,,-12.572962,20,-21.230573,,0.133618,,-13.072962,2018,,D,TRANSITION,2018-10-08,
,event,2018-10-09,957,C-2018-03,,-12.865984,40,-21.230573,,0.133618,,-13.365984,2018,,D,TRANSITION,2018-10-08,
,event,2018-10-09,957,C-2018-03,,-21.763286,60,-22.64235,,0.133618,,-22.263286,2018,,D,TRANSITION,2018-10-08,
,event,2018-10-26,969,C-2018-04,,6.590714,5,-3.993571,,6.785714,,6.090714,2018,,A,BEAR,2018-10-25,
,event,2018-10-26,969,C-2018-04,,4.610714,10,-3.993571,,9.090714,,4.110714,2018,,A,BEAR,2018-10-25,
,event,2018-10-26,969,C-2018-04,,1.298571,20,-3.993571,,9.090714,,0.798571,2018,,A,BEAR,2018-10-25,
,event,2018-10-26,969,C-2018-04,,1.688571,40,-3.993571,,11.785714,,1.188571,2018,,A,BEAR,2018-10-25,
,event,2018-10-26,969,C-2018-04,,5.422143,60,-5.714286,,11.785714,,4.922143,2018,,A,BEAR,2018-10-25,
,event,2018-12-11,1001,C-2018-05,,1.869504,5,-0.031915,,4.674468,,1.369504,2018,,A,BEAR,2018-12-10,
,event,2018-12-11,1001,C-2018-05,,-2.707801,10,-3.610638,,4.674468,,-3.207801,2018,,C,BEAR,2018-12-10,
,event,2018-12-11,1001,C-2018-05,,1.192908,20,-6.382979,,4.674468,,0.692908,2018,,A,BEAR,2018-12-10,
,event,2018-12-11,1001,C-2018-05,,10.573759,40,-6.382979,,10.960993,,10.073759,2018,,A,BEAR,2018-12-10,
,event,2018-12-11,1001,C-2018-05,,18.471631,60,-6.382979,,18.600709,,17.971631,2018,,A,BEAR,2018-12-10,
,event,2020-01-31,1270,C-2020-01,,2.088315,5,-5.219663,,8.80272,,1.588315,2020,,A,BULL,2020-01-30,
,event,2020-01-31,1270,C-2020-01,,6.141548,10,-5.219663,,8.80272,,5.641548,2020,,A,BULL,2020-01-30,
,event,2020-01-31,1270,C-2020-01,,-5.056182,20,-7.266995,,8.80272,,-5.556182,2020,,C,BULL,2020-01-30,
,event,2020-01-31,1270,C-2020-01,,-31.013083,40,-47.205747,,8.80272,,-31.513083,2020,,D,BULL,2020-01-30,
,event,2020-01-31,1270,C-2020-01,,-12.057015,60,-47.205747,,8.80272,,-12.557015,2020,,D,BULL,2020-01-30,
,event,2020-03-12,1298,C-2020-02,,-38.36102,5,-39.785394,,0.0,,-38.86102,2020,,D,TRANSITION,2020-03-11,
,event,2020-03-12,1298,C-2020-02,,-19.916068,10,-39.785394,,0.0,,-20.416068,2020,,D,TRANSITION,2020-03-11,
,event,2020-03-12,1298,C-2020-02,,-12.981683,20,-39.785394,,0.0,,-13.481683,2020,,D,TRANSITION,2020-03-11,
,event,2020-03-12,1298,C-2020-02,,2.241091,40,-39.785394,,5.533639,,1.741091,2020,,B,TRANSITION,2020-03-11,
,event,2020-03-12,1298,C-2020-02,,17.324149,60,-39.785394,,17.557864,,16.824149,2020,,B,TRANSITION,2020-03-11,
,event,2020-09-25,1434,C-2020-03,,6.721174,5,-2.131113,,7.049009,,6.221174,2020,,A,BULL,2020-09-24,
,event,2020-09-25,1434,C-2020-03,,10.327728,10,-2.131113,,12.295103,,9.827728,2020,,A,BULL,2020-09-24,
,event,2020-09-25,1434,C-2020-03,,8.442582,20,-2.131113,,12.295103,,7.942582,2020,,A,BULL,2020-09-24,
,event,2020-09-25,1434,C-2020-03,,26.475351,40,-2.131113,,31.311379,,25.975351,2020,,A,BULL,2020-09-24,
,event,2020-09-25,1434,C-2020-03,,37.376881,60,-2.131113,,40.737468,,36.876881,2020,,A,BULL,2020-09-24,
,event,2021-02-01,1521,C-2021-01,,17.033296,5,-1.022916,,17.544867,,16.533296,2021,,A,BULL,2021-01-29,
,event,2021-02-01,1521,C-2021-01,,13.964323,10,-1.022916,,20.00009,,13.464323,2021,,A,BULL,2021-01-29,
,event,2021-02-01,1521,C-2021-01,,13.554931,20,-1.022916,,20.00009,,13.054931,2021,,A,BULL,2021-01-29,
,event,2021-02-01,1521,C-2021-01,,22.404224,40,-1.022916,,25.575601,,21.904224,2021,,A,BULL,2021-01-29,
,event,2021-02-01,1521,C-2021-01,,7.519164,60,-2.86439,,35.447585,,7.019164,2021,,A,BULL,2021-01-29,
,event,2021-05-13,1582,C-2021-02,,5.263056,5,-5.458183,,8.186953,,4.763056,2021,,A,BULL,2021-05-12,
,event,2021-05-13,1582,C-2021-02,,12.767924,10,-5.458183,,14.424784,,12.267924,2021,,A,BULL,2021-05-12,
,event,2021-05-13,1582,C-2021-02,,21.003765,20,-5.458183,,22.758189,,20.503765,2021,,A,BULL,2021-05-12,
,event,2021-05-13,1582,C-2021-02,,28.167483,40,-5.458183,,32.992041,,27.667483,2021,,A,BULL,2021-05-12,
,event,2021-05-13,1582,C-2021-02,,28.557307,60,-5.458183,,34.35664,,28.057307,2021,,A,BULL,2021-05-12,
,event,2021-10-05,1682,C-2021-03,,1.953265,5,-0.694375,,7.118113,,1.453265,2021,,A,BULL,2021-10-04,
,event,2021-10-05,1682,C-2021-03,,8.941135,10,-0.694375,,9.852455,,8.441135,2021,,A,BULL,2021-10-04,
,event,2021-10-05,1682,C-2021-03,,11.154504,20,-0.694375,,13.10777,,10.654504,2021,,A,BULL,2021-10-04,
,event,2021-10-05,1682,C-2021-03,,17.534891,40,-0.694375,,22.656387,,17.034891,2021,,A,BULL,2021-10-04,
,event,2021-10-05,1682,C-2021-03,,27.387154,60,-0.694375,,27.60429,,26.887154,2021,,A,BULL,2021-10-04,
,event,2022-03-09,1783,C-2022-01,,0.0,5,-1.707751,,6.155629,,-0.5,2022,,C,TRANSITION,2022-03-08,
,event,2022-03-09,1783,C-2022-01,,9.37245,10,-1.707751,,9.769638,,8.87245,2022,,A,TRANSITION,2022-03-08,
,event,2022-03-09,1783,C-2022-01,,4.011023,20,-1.707751,,10.087318,,3.511023,2022,,A,TRANSITION,2022-03-08,
,event,2022-03-09,1783,C-2022-01,,-10.762521,40,-10.762521,,10.087318,,-11.262521,2022,,D,TRANSITION,2022-03-08,
,event,2022-03-09,1783,C-2022-01,,-5.718949,60,-15.131065,,10.087318,,-6.218949,2022,,D,TRANSITION,2022-03-08,
,event,2022-05-13,1827,C-2022-02,,4.445574,5,-0.595674,,6.003722,,3.945574,2022,,A,BEAR,2022-05-12,
,event,2022-05-13,1827,C-2022-02,,5.728672,10,-0.595674,,6.003722,,5.228672,2022,,A,BEAR,2022-05-12,
,event,2022-05-13,1827,C-2022-02,,3.070523,20,-0.595674,,12.923944,,2.570523,2022,,A,BEAR,2022-05-12,
,event,2022-05-13,1827,C-2022-02,,-14.436318,40,-19.431791,,12.923944,,-14.936318,2022,,D,BEAR,2022-05-12,
,event,2022-05-13,1827,C-2022-02,,-3.345573,60,-19.431791,,12.923944,,-3.845573,2022,,D,BEAR,2022-05-12,
,event,2022-06-20,1852,C-2022-03,,0.935129,5,-5.189289,,2.010343,,0.435129,2022,,A,BEAR,2022-06-17,
,event,2022-06-20,1852,C-2022-03,,-14.445958,10,-15.474476,,2.010343,,-14.945958,2022,,D,BEAR,2022-06-17,
,event,2022-06-20,1852,C-2022-03,,-8.08786,20,-17.812094,,2.010343,,-8.58786,2022,,D,BEAR,2022-06-17,
,event,2022-06-20,1852,C-2022-03,,3.92709,40,-17.812094,,4.160976,,3.42709,2022,,B,BEAR,2022-06-17,
,event,2022-06-20,1852,C-2022-03,,-3.833495,60,-17.812094,,4.534945,,-4.333495,2022,,D,BEAR,2022-06-17,
,event,2022-07-04,1862,C-2022-04,,1.137661,5,-4.767069,,4.117079,,0.637661,2022,,A,BEAR,2022-07-01,
,event,2022-07-04,1862,C-2022-04,,6.500614,10,-4.767069,,7.042391,,6.000614,2022,,A,BEAR,2022-07-01,
,event,2022-07-04,1862,C-2022-04,,12.622007,20,-4.767069,,14.084544,,12.122007,2022,,A,BEAR,2022-07-01,
,event,2022-07-04,1862,C-2022-04,,11.701009,40,-4.767069,,21.126935,,11.201009,2022,,A,BEAR,2022-07-01,
,event,2022-07-04,1862,C-2022-04,,-3.900178,60,-4.767069,,21.126935,,-4.400178,2022,,C,BEAR,2022-07-01,
,event,2022-09-29,1924,C-2022-05,,2.944599,5,-6.120121,,3.348779,,2.444599,2022,,A,BEAR,2022-09-28,
,event,2022-09-29,1924,C-2022-05,,-7.678922,10,-12.70209,,3.348779,,-8.178922,2022,,D,BEAR,2022-09-28,
,event,2022-09-29,1924,C-2022-05,,-13.510197,20,-14.953663,,3.348779,,-14.010197,2022,,D,BEAR,2022-09-28,
,event,2022-09-29,1924,C-2022-05,,16.397382,40,-14.953663,,17.667591,,15.897382,2022,,B,BEAR,2022-09-28,
,event,2022-09-29,1924,C-2022-05,,8.198691,60,-14.953663,,22.632838,,7.698691,2022,,B,BEAR,2022-09-28,
,event,2022-10-14,1934,C-2022-06,,-5.203862,5,-7.272828,,1.441931,,-5.703862,2022,,C,BEAR,2022-10-13,
,event,2022-10-14,1934,C-2022-06,,-6.081379,10,-7.648828,,1.441931,,-6.581379,2022,,C,BEAR,2022-10-13,
,event,2022-10-14,1934,C-2022-06,,13.667586,20,-7.648828,,14.482759,,13.167586,2022,,A,BEAR,2022-10-13,
,event,2022-10-14,1934,C-2022-06,,25.391724,40,-7.648828,,33.166069,,24.891724,2022,,A,BEAR,2022-10-13,
,event,2022-10-14,1934,C-2022-06,,26.896552,60,-7.648828,,33.166069,,26.396552,2022,,A,BEAR,2022-10-13,
,event,2024-04-22,2298,C-2024-01,,10.335211,5,-0.837967,,10.586675,,9.835211,2024,,A,BULL,2024-04-19,
,event,2024-04-22,2298,C-2024-01,,11.759804,10,-0.837967,,12.625793,,11.259804,2024,,A,BULL,2024-04-19,
,event,2024-04-22,2298,C-2024-01,,18.687226,20,-0.837967,,21.731954,,18.187226,2024,,A,BULL,2024-04-19,
,event,2024-04-22,2298,C-2024-01,,41.871549,40,-0.837967,,42.430276,,41.371549,2024,,A,BULL,2024-04-19,
,event,2024-04-22,2298,C-2024-01,,49.888279,60,-0.837967,,58.044752,,49.388279,2024,,A,BULL,2024-04-19,
,event,2024-07-23,2362,C-2024-02,,-0.432034,5,-7.364771,,1.789689,,-0.932034,2024,,C,BULL,2024-07-22,
,event,2024-07-23,2362,C-2024-02,,-17.568405,10,-27.216632,,1.789689,,-18.068405,2024,,D,BULL,2024-07-22,
,event,2024-07-23,2362,C-2024-02,,-7.220759,20,-27.216632,,1.789689,,-7.720759,2024,,D,BULL,2024-07-22,
,event,2024-07-23,2362,C-2024-02,,-6.994469,40,-27.216632,,1.789689,,-7.494469,2024,,D,BULL,2024-07-22,
,event,2024-07-23,2362,C-2024-02,,2.736037,60,-27.216632,,6.336143,,2.236037,2024,,B,BULL,2024-07-22,
,event,2024-08-06,2370,C-2024-03,,11.770673,5,-8.623345,,13.075698,,11.270673,2024,,A,TRANSITION,2024-08-05,
,event,2024-08-06,2370,C-2024-03,,18.47493,10,-8.623345,,20.138102,,17.97493,2024,,A,TRANSITION,2024-08-05,
,event,2024-08-06,2370,C-2024-03,,15.276374,20,-8.623345,,20.138102,,14.776374,2024,,A,TRANSITION,2024-08-05,
,event,2024-08-06,2370,C-2024-03,,16.734858,40,-8.623345,,26.177067,,16.234858,2024,,A,TRANSITION,2024-08-05,
,event,2024-08-06,2370,C-2024-03,,24.36021,60,-8.623345,,32.267148,,23.86021,2024,,A,TRANSITION,2024-08-05,
,event,2024-09-05,2392,C-2024-04,,3.807433,5,-4.118783,,4.430028,,3.307433,2024,,A,BULL,2024-09-04,
,event,2024-09-05,2392,C-2024-04,,8.261484,10,-4.118783,,10.632173,,7.761484,2024,,A,BULL,2024-09-04,
,event,2024-09-05,2392,C-2024-04,,12.021081,20,-4.118783,,18.07951,,11.521081,2024,,A,BULL,2024-09-04,
,event,2024-09-05,2392,C-2024-04,,20.522057,40,-4.118783,,23.778753,,20.022057,2024,,A,BULL,2024-09-04,
,event,2024-09-05,2392,C-2024-04,,17.504749,60,-4.118783,,23.778753,,17.004749,2024,,A,BULL,2024-09-04,
,event,2025-04-01,2526,C-2025-01,,-21.703294,5,-35.406424,,3.999968,,-22.203294,2025,,D,BEAR,2025-03-31,
,event,2025-04-01,2526,C-2025-01,,-18.81292,10,-35.406424,,3.999968,,-19.31292,2025,,D,BEAR,2025-03-31,
,event,2025-04-01,2526,C-2025-01,,-7.174213,20,-35.406424,,3.999968,,-7.674213,2025,,D,BEAR,2025-03-31,
,event,2025-04-01,2526,C-2025-01,,-5.187116,40,-35.406424,,3.999968,,-5.687116,2025,,D,BEAR,2025-03-31,
,event,2025-04-01,2526,C-2025-01,,10.193577,60,-35.406424,,11.329061,,9.693577,2025,,B,BEAR,2025-03-31,
,event,2026-03-05,2750,C-2026-01,,-3.639123,5,-14.618107,,1.578682,,-4.139123,2026,,D,BULL,2026-03-04,
,event,2026-03-05,2750,C-2026-01,,-3.126594,10,-14.618107,,1.937489,,-3.626594,2026,,D,BULL,2026-03-04,
,event,2026-03-05,2750,C-2026-01,,6.899053,20,-14.618107,,6.899053,,6.399053,2026,,B,BULL,2026-03-04,
,event,2026-03-05,2750,C-2026-01,,47.313203,40,-14.618107,,50.335253,,46.813203,2026,,B,BULL,2026-03-04,
,event,2026-03-05,2750,C-2026-01,,52.455178,60,-14.618107,,77.66892,,51.955178,2026,,B,BULL,2026-03-04,
,event,2026-04-01,2765,C-2026-02,,14.825592,5,-3.294574,,14.825592,,14.325592,2026,,A,BULL,2026-03-31,
,event,2026-04-01,2765,C-2026-02,,23.982564,10,-3.294574,,25.968998,,23.482564,2026,,A,BULL,2026-03-31,
,event,2026-04-01,2765,C-2026-02,,50.193806,20,-3.294574,,50.193806,,49.693806,2026,,A,BULL,2026-03-31,
,event,2026-04-01,2765,C-2026-02,,83.04264,40,-3.294574,,87.209307,,82.54264,2026,,A,BULL,2026-03-31,
,event,2026-04-01,2765,C-2026-02,,86.14341,60,-3.294574,,102.470945,,85.64341,2026,,A,BULL,2026-03-31,
,event,2026-06-09,2811,C-2026-03,,8.082274,5,-7.763615,,8.922358,,7.582274,2026,,A,BULL,2026-06-08,
,event,2026-06-09,2811,C-2026-03,,10.312868,10,-7.763615,,21.060258,,9.812868,2026,,A,BULL,2026-06-08,
,event,2026-06-09,2811,C-2026-03,,7.5898,20,-7.763615,,21.060258,,7.0898,2026,,A,BULL,2026-06-08,
,event,2026-06-09,2811,C-2026-03,,-1.94091,40,-20.712627,,21.060258,,-2.44091,2026,,D,BULL,2026-06-08,
,event,2026-06-30,2825,C-2026-04,,-1.483446,5,-1.827812,,6.198675,,-1.983446,2026,,C,BULL,2026-06-29,
,event,2026-06-30,2825,C-2026-04,,-1.880792,10,-8.92715,,6.198675,,-2.380792,2026,,C,BULL,2026-06-29,
,event,2026-06-30,2825,C-2026-04,,-24.423838,20,-27.496686,,6.198675,,-24.923838,2026,,D,BULL,2026-06-29,
,event,2026-07-20,2838,C-2026-05,,2.663003,5,-3.030297,,9.580659,,2.163003,2026,,A,BULL,2026-07-17,
,event,2026-07-20,2838,C-2026-05,,-0.153043,10,-16.222826,,9.580659,,-0.653043,2026,,D,BULL,2026-07-17,
,event,2026-07-20,2838,C-2026-05,,10.039802,20,-16.222826,,12.029385,,9.539802,2026,,B,BULL,2026-07-17,
,event,2026-07-29,2845,C-2026-06,,11.528416,5,-10.613977,,13.389941,,11.028416,2026,,B,BULL,2026-07-28,
,event,2026-07-29,2845,C-2026-06,,15.774003,10,-10.613977,,15.90464,,15.274003,2026,,B,BULL,2026-07-28,
5,allocation_stress,,,,"{""1"": 18.518519, ""2"": 0.0, ""3"": 0.0, ""5"": 0.0, ""7.5"": 0.0, ""10"": 0.0}",,20d,,-0.36335,,27,,,-1.366433,,,,-1.98927
5,allocation_stress,,,,"{""1"": 24.0, ""2"": 4.0, ""3"": 0.0, ""5"": 0.0, ""7.5"": 0.0, ""10"": 0.0}",,40d,,-0.403406,,25,,,-1.606525,,,,-2.360287
5,allocation_stress,,,,"{""1"": 20.833333, ""2"": 4.166667, ""3"": 0.0, ""5"": 0.0, ""7.5"": 0.0, ""10"": 0.0}",,60d,,-0.392924,,24,,,-1.647474,,,,-2.360287
10,allocation_stress,,,,"{""1"": 33.333333, ""2"": 18.518519, ""3"": 7.407407, ""5"": 0.0, ""7.5"": 0.0, ""10"": 0.0}",,20d,,-0.7267,,27,,,-2.732865,,,,-3.978539
10,allocation_stress,,,,"{""1"": 44.0, ""2"": 24.0, ""3"": 12.0, ""5"": 0.0, ""7.5"": 0.0, ""10"": 0.0}",,40d,,-0.806813,,25,,,-3.213051,,,,-4.720575
10,allocation_stress,,,,"{""1"": 41.666667, ""2"": 20.833333, ""3"": 12.5, ""5"": 0.0, ""7.5"": 0.0, ""10"": 0.0}",,60d,,-0.785848,,24,,,-3.294949,,,,-4.720575
15,allocation_stress,,,,"{""1"": 51.851852, ""2"": 33.333333, ""3"": 18.518519, ""5"": 7.407407, ""7.5"": 0.0, ""10"": 0.0}",,20d,,-1.090049,,27,,,-4.099298,,,,-5.967809
15,allocation_stress,,,,"{""1"": 56.0, ""2"": 40.0, ""3"": 24.0, ""5"": 12.0, ""7.5"": 0.0, ""10"": 0.0}",,40d,,-1.210219,,25,,,-4.819576,,,,-7.080862
15,allocation_stress,,,,"{""1"": 54.166667, ""2"": 41.666667, ""3"": 20.833333, ""5"": 12.5, ""7.5"": 0.0, ""10"": 0.0}",,60d,,-1.178771,,24,,,-4.942423,,,,-7.080862
20,allocation_stress,,,,"{""1"": 59.259259, ""2"": 33.333333, ""3"": 25.925926, ""5"": 14.814815, ""7.5"": 3.703704, ""10"": 0.0}",,20d,,-1.453399,,27,,,-5.465731,,,,-7.957079
20,allocation_stress,,,,"{""1"": 64.0, ""2"": 44.0, ""3"": 32.0, ""5"": 16.0, ""7.5"": 8.0, ""10"": 0.0}",,40d,,-1.613625,,25,,,-6.426101,,,,-9.441149
20,allocation_stress,,,,"{""1"": 66.666667, ""2"": 41.666667, ""3"": 33.333333, ""5"": 16.666667, ""7.5"": 8.333333, ""10"": 0.0}",,60d,,-1.571695,,24,,,-6.589897,,,,-9.441149
25,allocation_stress,,,,"{""1"": 66.666667, ""2"": 40.740741, ""3"": 33.333333, ""5"": 18.518519, ""7.5"": 7.407407, ""10"": 0.0}",,20d,,-1.816749,,27,,,-6.832163,,,,-9.946348
25,allocation_stress,,,,"{""1"": 72.0, ""2"": 52.0, ""3"": 40.0, ""5"": 24.0, ""7.5"": 12.0, ""10"": 4.0}",,40d,,-2.017031,,25,,,-8.032627,,,,-11.801437
25,allocation_stress,,,,"{""1"": 75.0, ""2"": 50.0, ""3"": 41.666667, ""5"": 20.833333, ""7.5"": 12.5, ""10"": 4.166667}",,60d,,-1.964619,,24,,,-8.237372,,,,-11.801437
30,allocation_stress,,,,"{""1"": 70.37037, ""2"": 51.851852, ""3"": 33.333333, ""5"": 22.222222, ""7.5"": 14.814815, ""10"": 7.407407}",,20d,,-2.180099,,27,,,-8.198596,,,,-11.935618
30,allocation_stress,,,,"{""1"": 76.0, ""2"": 56.0, ""3"": 44.0, ""5"": 32.0, ""7.5"": 16.0, ""10"": 12.0}",,40d,,-2.420438,,25,,,-9.639152,,,,-14.161724
30,allocation_stress,,,,"{""1"": 75.0, ""2"": 54.166667, ""3"": 41.666667, ""5"": 29.166667, ""7.5"": 16.666667, ""10"": 12.5}",,60d,,-2.357543,,24,,,-9.884846,,,,-14.161724
