entry_date,entry_delay_trading_days,entry_index,entry_price,event_end,event_id,mae_10d,mae_20d,mae_40d,mae_5d,mae_60d,mfe_10d,mfe_20d,mfe_40d,mfe_5d,mfe_60d,next_open_gap,oos_year,regime,return_10d,return_20d,return_40d,return_5d,return_60d,signal_date,variant
2018-02-06,0,795,1.52727,2018-02-12,C-2018-01,0.0,0.0,0.0,0.0,0.0,8.809837,15.059551,15.059551,6.488047,15.059551,4.762092,2018,TRANSITION,7.500311,13.482226,7.589359,6.488047,8.452337,2018-02-06,E0
2018-02-07,1,796,1.6,2018-02-12,C-2018-01,-4.545625,-4.545625,-4.545625,-4.545625,-4.545625,3.86375,9.829375,9.829375,1.6475,9.829375,4.762092,2018,TRANSITION,0.994375,7.38625,3.494375,0.51125,2.840625,2018-02-06,E1
2018-02-07,1,796,1.57727,2018-02-12,C-2018-01,-3.170034,-3.170034,-3.170034,-3.170034,-3.170034,5.360528,11.412123,11.412123,3.11234,11.412123,4.762092,2018,TRANSITION,2.449803,8.933791,4.98583,1.959715,4.322659,2018-02-06,E2
2018-04-26,0,842,1.54455,2018-04-26,C-2018-02,0.0,0.0,0.0,0.0,0.0,6.73918,9.005212,13.537276,3.354375,15.126089,1.265093,2018,TRANSITION,6.73918,8.445826,6.474378,0.647438,15.126089,2018-04-26,E0
2018-04-27,1,843,1.56409,2018-04-26,C-2018-02,-1.075386,-1.075386,-1.075386,-1.075386,-1.075386,7.43947,7.933687,12.118868,2.063181,14.356591,1.265093,2018,TRANSITION,7.43947,7.933687,4.79512,0.900843,14.356591,2018-04-26,E1
2018-04-27,1,843,1.56091,2018-04-26,C-2018-02,-0.873849,-0.873849,-0.873849,-0.873849,-0.873849,7.658353,8.153577,12.347285,2.271111,14.589566,1.265093,2018,TRANSITION,7.658353,8.153577,5.008617,1.106406,14.589566,2018-04-26,E2
2018-10-08,0,956,1.69545,2018-10-17,C-2018-03,-15.147011,-19.115279,-19.115279,-15.147011,-19.677962,0.268365,0.268365,0.268365,0.268365,0.268365,0.643487,2018,TRANSITION,-13.833496,-13.91371,-9.463564,-10.455631,-19.463859,2018-10-08,E0
2018-10-09,1,957,1.70636,2018-10-17,C-2018-03,-15.689538,-19.632434,-19.632434,-15.689538,-21.763286,0.0,0.0,0.0,0.0,0.0,0.643487,2018,TRANSITION,-14.757144,-12.572962,-12.865984,-10.947866,-21.763286,2018-10-08,E1
2018-10-09,1,957,1.7,2018-10-17,C-2018-03,-15.374118,-19.331765,-19.331765,-15.374118,-21.470588,0.0,0.0,0.0,0.0,0.0,0.643487,2018,TRANSITION,-14.438235,-12.245882,-12.54,-10.614706,-21.470588,2018-10-08,E2
2018-10-25,0,968,1.37909,2018-10-29,C-2018-04,-0.560515,-0.560515,-0.560515,-0.560515,-3.197036,8.965332,8.965332,13.316027,7.086557,13.316027,1.516217,2018,BEAR,8.965332,4.120108,2.933819,7.086557,7.581086,2018-10-25,E0
2018-10-26,1,969,1.4,2018-10-29,C-2018-04,-2.045714,-2.045714,-2.045714,-2.045714,-4.642857,7.337857,7.337857,11.623571,6.590714,11.623571,1.516217,2018,BEAR,4.610714,1.298571,1.688571,6.590714,5.422143,2018-10-25,E1
2018-10-26,1,969,1.37136,2018-10-29,C-2018-04,0.0,0.0,0.0,0.0,-2.651383,9.579541,9.579541,13.95476,8.816795,13.95476,1.516217,2018,BEAR,6.795444,3.414129,3.812274,8.816795,7.623819,2018-10-25,E2
2018-12-10,0,1000,1.405,2018-12-10,C-2018-05,0.0,-4.982206,-4.982206,0.0,-4.982206,4.432028,4.432028,9.867616,4.432028,18.731673,0.355872,2018,BEAR,0.776512,2.103203,8.702491,3.655516,18.731673,2018-12-10,E0
2018-12-11,1,1001,1.41,2018-12-10,C-2018-05,-2.707801,-5.319149,-5.319149,0.0,-5.319149,4.061702,4.061702,10.573759,4.061702,18.471631,0.355872,2018,BEAR,-2.707801,1.192908,10.573759,1.869504,18.471631,2018-12-10,E1
2018-12-11,1,1001,1.42636,2018-12-10,C-2018-05,-3.823719,-6.405115,-6.405115,0.0,-6.405115,2.86814,2.86814,9.305505,2.86814,17.112791,0.355872,2018,BEAR,-3.823719,0.03225,9.305505,0.701085,17.112791,2018-12-10,E2
2020-01-30,0,1269,2.19318,2020-02-05,C-2020-01,-0.704457,-2.051815,-45.284929,-0.704457,-45.284929,6.632379,7.461312,7.461312,5.906948,7.461312,1.2434,2020,BULL,6.632379,-2.051815,-29.554346,5.906948,-13.326312,2020-01-30,E0
2020-01-31,1,1270,2.22045,2020-02-05,C-2020-01,-1.923934,-5.056182,-45.956901,-1.923934,-45.956901,6.141548,6.141548,6.141548,4.606274,6.141548,1.2434,2020,BULL,6.141548,-5.056182,-31.013083,2.088315,-12.057015,2020-01-30,E1
2020-01-31,1,1270,2.22136,2020-02-05,C-2020-01,-1.964112,-5.095077,-45.97904,-1.964112,-45.97904,6.098066,6.098066,6.098066,4.563421,6.098066,1.2434,2020,BULL,6.098066,-5.095077,-31.041344,2.046494,-12.093042,2020-01-30,E2
2020-03-11,0,1297,1.97364,2020-03-23,C-2020-02,-39.198638,-39.198638,-39.198638,-29.387325,-39.198638,0.0,0.0,3.339515,0.0,15.03871,-1.35891,2020,TRANSITION,-23.05385,-13.035812,3.339515,-29.387325,15.03871,2020-03-11,E0
2020-03-12,1,1298,1.94682,2020-03-23,C-2020-02,-38.36102,-38.36102,-38.36102,-38.36102,-38.36102,0.0,0.0,4.763152,0.0,17.324149,-1.35891,2020,TRANSITION,-19.916068,-12.981683,2.241091,-38.36102,17.324149,2020-03-11,E1
2020-03-12,1,1298,1.79227,2020-03-23,C-2020-02,-33.045802,-33.045802,-33.045802,-33.045802,-33.045802,0.0,0.0,13.797028,0.0,27.441178,-1.35891,2020,TRANSITION,-13.010317,-5.477969,11.057486,-33.045802,27.441178,2020-03-11,E2
2020-09-24,0,1433,2.73409,2020-09-25,C-2020-03,0.0,0.0,0.0,0.0,0.0,12.801334,12.801334,31.92031,5.901781,42.31097,1.413267,2020,BULL,12.801334,11.720902,30.507043,5.901781,37.905117,2020-09-24,E0
2020-09-25,1,1434,2.77273,2020-09-25,C-2020-03,-0.81977,-0.81977,-0.81977,-0.81977,-0.81977,11.229366,11.229366,30.081905,6.721174,40.327764,1.413267,2020,BULL,10.327728,8.442582,26.475351,6.721174,37.376881,2020-09-24,E1
2020-09-25,1,1434,2.75,2020-09-25,C-2020-03,0.0,0.0,0.0,0.0,0.0,12.148727,12.148727,31.157091,7.603273,41.487636,1.413267,2020,BULL,11.239636,9.338909,27.520727,7.603273,38.512364,2020-09-24,E2
2021-01-29,0,1520,4.41364,2021-01-29,C-2021-01,0.0,0.0,0.0,0.0,0.0,18.949439,18.949439,24.92274,9.37163,34.500322,0.669289,2021,BULL,18.794918,9.680672,23.532277,9.37163,18.743486,2021-01-29,E0
2021-02-01,1,1521,4.44318,2021-01-29,C-2021-01,0.0,0.0,0.0,0.0,0.0,18.158616,18.158616,24.092204,17.033296,33.606111,0.669289,2021,BULL,13.964323,13.554931,22.404224,17.033296,7.519164,2021-01-29,E1
2021-02-01,1,1521,4.56591,2021-01-29,C-2021-01,0.0,0.0,0.0,0.0,0.0,14.982556,14.982556,20.756651,13.887484,30.014827,0.669289,2021,BULL,10.901003,10.502616,19.114043,13.887484,4.629088,2021-01-29,E2
2021-05-12,0,1581,4.77727,2021-05-17,C-2021-02,-5.7087,-5.7087,-5.7087,-5.7087,-5.7087,10.799264,18.839212,29.30544,4.805046,31.160893,-2.378555,2021,BULL,10.751747,14.985755,27.973508,4.138975,26.546124,2021-05-12,E0
2021-05-13,1,1582,4.66364,2021-05-17,C-2021-02,-3.411284,-3.411284,-3.411284,-3.411284,-3.411284,13.498898,21.734739,32.455979,7.35863,34.35664,-2.378555,2021,BULL,12.767924,21.003765,28.167483,5.263056,28.557307,2021-05-12,E1
2021-05-13,1,1582,4.66364,2021-05-17,C-2021-02,-3.411284,-3.411284,-3.411284,-3.411284,-3.411284,13.498898,21.734739,32.455979,7.35863,34.35664,-2.378555,2021,BULL,12.767924,21.003765,28.167483,5.263056,28.557307,2021-05-12,E2
2021-10-04,0,1681,5.37045,2021-10-04,C-2021-03,-0.592315,-0.592315,-0.592315,-0.253796,-0.592315,6.347885,8.379186,18.366617,4.062788,23.275517,-2.496811,2021,BULL,6.347885,7.448165,11.468499,0.338705,23.275517,2021-10-04,E0
2021-10-05,1,1682,5.23636,2021-10-04,C-2021-03,0.0,0.0,0.0,0.0,0.0,9.071187,11.154504,21.397688,6.727574,27.387154,-2.496811,2021,BULL,8.941135,11.154504,17.534891,1.953265,27.387154,2021-10-04,E1
2021-10-05,1,1682,5.37273,2021-10-04,C-2021-03,-0.634501,-0.634501,-0.634501,-0.634501,-0.634501,6.302755,8.333194,18.316387,4.018627,24.153829,-2.496811,2021,BULL,6.176004,8.333194,14.551634,-0.634501,24.153829,2021-10-04,E2
2022-03-08,0,1782,5.59091,2022-03-09,C-2022-01,0.0,0.0,-5.406454,0.0,-13.130063,9.796795,12.154372,12.154372,8.211365,12.154372,2.357756,2022,TRANSITION,9.796795,4.878097,-4.634129,1.504049,-1.788618,2022-03-08,E0
2022-03-09,1,1783,5.72273,2022-03-09,C-2022-01,-0.834042,-0.834042,-10.762521,-0.834042,-15.131065,9.37245,9.570957,9.570957,5.718774,9.570957,2.357756,2022,TRANSITION,9.37245,4.011023,-10.762521,0.0,-5.718949,2022-03-08,E1
2022-03-09,1,1783,5.74318,2022-03-09,C-2022-01,-1.187147,-1.187147,-11.080273,-1.187147,-15.433262,8.983002,9.180802,9.180802,5.342336,9.180802,2.357756,2022,TRANSITION,8.983002,3.640666,-11.080273,-0.356075,-6.05466,2022-03-08,E2
2022-05-12,0,1826,4.85682,2022-05-12,C-2022-02,0.0,0.0,-17.220527,0.0,-17.220527,7.908261,14.131881,14.131881,7.908261,14.131881,2.105699,2022,BEAR,4.164659,11.137123,-11.277544,4.538978,-0.795582,2022-05-12,E0
2022-05-13,1,1827,4.95909,2022-05-12,C-2022-02,0.0,0.0,-18.927666,0.0,-18.927666,5.728672,11.778169,11.778169,5.682897,11.778169,2.105699,2022,BEAR,5.728672,3.070523,-14.436318,4.445574,-3.345573,2022-05-12,E1
2022-05-13,1,1827,4.98409,2022-05-12,C-2022-02,0.0,0.0,-19.334322,0.0,-19.334322,5.198341,11.217494,11.217494,5.152796,11.217494,2.105699,2022,BEAR,5.198341,2.553525,-14.865502,3.921679,-3.830388,2022-05-12,E2
2022-06-17,0,1851,4.86818,2022-06-17,C-2022-03,-13.772087,-17.413695,-17.413695,-4.62185,-17.413695,1.634081,1.634081,2.194249,1.634081,4.015053,-0.140093,2022,BEAR,-13.772087,-9.617146,2.194249,-2.894511,-4.855203,2022-06-17,E0
2022-06-20,1,1852,4.86136,2022-06-17,C-2022-03,-14.445958,-17.297834,-17.297834,-4.488044,-17.297834,1.776663,1.776663,3.92709,1.776663,4.160976,-0.140093,2022,BEAR,-14.445958,-8.08786,3.92709,0.935129,-3.833495,2022-06-17,E1
2022-06-20,1,1852,4.70909,2022-06-17,C-2022-03,-11.679539,-14.623632,-14.623632,-1.399633,-14.623632,5.067646,5.067646,7.287608,5.067646,7.529056,-0.140093,2022,BEAR,-11.679539,-5.11585,7.287608,4.1989,-0.723919,2022-06-17,E2
2022-07-01,0,1861,4.19773,2022-07-06,C-2022-04,-4.223235,-4.223235,-4.223235,-4.223235,-4.547934,4.818557,12.831459,20.628054,2.652862,20.628054,-0.054315,2022,BEAR,4.818557,12.831459,17.812484,2.652862,-4.547934,2022-07-01,E0
2022-07-04,1,1862,4.19545,2022-07-06,C-2022-04,-4.171185,-4.171185,-4.171185,-4.171185,-4.496061,6.500614,12.892777,20.693609,2.708649,20.693609,-0.054315,2022,BEAR,6.500614,12.622007,11.701009,1.137661,-3.900178,2022-07-01,E1
2022-07-04,1,1862,4.15909,2022-07-06,C-2022-04,-3.333421,-3.333421,-3.333421,-3.333421,-3.661137,7.431674,13.879719,21.748748,3.606558,21.748748,-0.054315,2022,BEAR,7.431674,13.606582,12.677533,2.021837,-3.060044,2022-07-01,E2
2022-09-28,0,1923,3.84773,2022-09-30,C-2022-05,-10.691239,-12.581184,-12.581184,-3.721155,-12.581184,5.315862,5.315862,19.964499,4.311893,23.272163,2.303436,2022,BEAR,-10.691239,-9.096272,19.964499,4.311893,13.880652,2022-09-28,E0
2022-09-29,1,1924,3.93636,2022-09-30,C-2022-05,-12.70209,-14.549482,-14.549482,-5.888943,-14.549482,2.944599,2.944599,17.263411,2.944599,20.496601,2.303436,2022,BEAR,-7.678922,-13.510197,16.397382,2.944599,8.198691,2022-09-28,E1
2022-09-29,1,1924,3.86591,2022-09-30,C-2022-05,-11.111226,-12.992284,-12.992284,-4.17392,-12.992284,4.820599,4.820599,19.400348,4.820599,22.692458,2.303436,2022,BEAR,-5.996518,-11.93406,18.518538,4.820599,10.170439,2022-09-28,E2
2022-10-13,0,1933,3.43636,2022-10-14,C-2022-06,-2.116193,-2.116193,-2.116193,0.0,-2.116193,5.754054,12.698611,38.029194,5.754054,38.029194,5.48953,2022,BEAR,1.785901,10.582128,28.968443,1.455028,26.85196,2022-10-13,E0
2022-10-14,1,1934,3.625,2022-10-14,C-2022-06,-7.209931,-7.209931,-7.209931,-5.203862,-7.209931,0.250759,13.667586,30.846345,0.250759,30.846345,5.48953,2022,BEAR,-6.081379,13.667586,25.391724,-5.203862,26.896552,2022-10-13,E1
2022-10-14,1,1934,3.63409,2022-10-14,C-2022-06,-7.442028,-7.442028,-7.442028,-5.440977,-7.442028,0.0,13.383268,30.519057,0.0,30.519057,5.48953,2022,BEAR,-6.316299,13.383268,25.07808,-5.440977,26.579144,2022-10-13,E2
2024-04-19,0,2297,8.13636,2024-04-22,C-2024-01,-0.307263,-0.307263,-0.307263,-0.307263,-0.307263,11.08948,19.636914,36.396743,6.676081,57.486149,0.0,2024,BULL,11.08948,19.134109,36.396743,6.480539,51.95542,2024-04-19,E0
2024-04-22,1,2298,8.13636,2024-04-22,C-2024-01,-0.307263,-0.307263,-0.307263,-0.307263,-0.307263,11.759804,19.636914,41.871549,10.335211,57.486149,0.0,2024,BULL,11.759804,18.687226,41.871549,10.335211,49.888279,2024-04-19,E1
2024-04-22,1,2298,8.11136,2024-04-22,C-2024-01,0.0,0.0,0.0,0.0,0.0,12.104259,20.005646,42.308811,10.675275,57.971536,0.0,2024,BULL,12.104259,19.053032,42.308811,10.675275,50.35025,2024-04-19,E2
2024-07-22,0,2361,10.76136,2024-07-29,C-2024-02,-25.279797,-25.279797,-25.279797,-2.154096,-25.279797,4.498409,4.498409,4.498409,4.498409,7.370723,2.661095,2024,BULL,-11.594445,-3.505784,-5.659972,-1.182657,7.075035,2024-07-22,E0
2024-07-23,1,2362,11.04773,2024-07-29,C-2024-02,-27.216632,-27.216632,-27.216632,-4.690375,-27.216632,1.789689,1.789689,1.789689,1.789689,4.587549,2.661095,2024,BULL,-17.568405,-7.220759,-6.994469,-0.432034,2.736037,2024-07-22,E1
2024-07-23,1,2362,11.24545,2024-07-29,C-2024-02,-28.496325,-28.496325,-28.496325,-6.36613,-28.496325,0.0,0.0,0.0,0.0,2.748667,2.661095,2024,BULL,-19.017736,-8.852025,-8.629712,-2.182661,0.929709,2024-07-22,E2
2024-08-05,0,2369,8.04091,2024-08-08,C-2024-03,0.0,0.0,0.0,0.0,0.0,30.525649,30.977961,36.68739,22.668205,43.697044,10.457896,2024,TRANSITION,30.469188,28.886407,30.017001,22.668205,36.772206,2024-08-05,E0
2024-08-06,1,2370,8.88182,2024-08-08,C-2024-03,-0.71652,-0.71652,-0.71652,-0.71652,-0.71652,18.47493,18.577274,23.746147,11.770673,30.092143,10.457896,2024,TRANSITION,18.47493,15.276374,16.734858,11.770673,24.36021,2024-08-05,E1
2024-08-06,1,2370,8.81818,2024-08-08,C-2024-03,0.0,0.0,0.0,0.0,0.0,19.329952,19.433035,24.639211,12.577312,31.031006,10.457896,2024,TRANSITION,19.329952,16.108313,17.577323,12.577312,25.257706,2024-08-05,E2
2024-09-04,0,2391,9.25227,2024-09-09,C-2024-04,-0.417519,-0.417519,-0.417519,-0.417519,-0.417519,9.727343,18.791497,24.883407,3.488117,24.883407,2.579259,2024,BULL,9.727343,17.02285,21.223332,-0.417519,20.363543,2024-09-04,E0
2024-09-05,1,2392,9.49091,2024-09-09,C-2024-04,-2.921427,-2.921427,-2.921427,-2.921427,-2.921427,8.261484,15.804596,21.743331,3.807433,21.743331,2.579259,2024,BULL,8.261484,12.021081,20.522057,3.807433,17.504749,2024-09-04,E1
2024-09-05,1,2392,9.34773,2024-09-09,C-2024-04,-1.434466,-1.434466,-1.434466,-1.434466,-1.434466,9.919735,17.578385,23.608085,5.39746,23.608085,2.579259,2024,BULL,9.919735,13.736918,22.368104,5.39746,19.30458,2024-09-04,E2
2025-03-31,0,2525,8.68182,2025-04-11,C-2025-01,-33.795794,-33.795794,-33.795794,-33.795794,-33.795794,4.86914,4.86914,4.86914,4.86914,11.910982,1.43979,2025,BEAR,-17.22519,-10.837705,0.497361,-33.795794,11.099401,2025-03-31,E0
2025-04-01,1,2526,8.80682,2025-04-11,C-2025-01,-34.735466,-34.735466,-34.735466,-34.735466,-34.735466,3.380675,3.380675,3.380675,3.380675,10.322568,1.43979,2025,BEAR,-18.81292,-7.174213,-5.187116,-21.703294,10.193577,2025-03-31,E1
2025-04-01,1,2526,9.04773,2025-04-11,C-2025-01,-36.473237,-36.473237,-36.473237,-36.473237,-36.473237,0.628003,0.628003,0.628003,0.628003,7.385057,1.43979,2025,BEAR,-20.974653,-9.645845,-7.711658,-23.788066,7.2595,2025-03-31,E2
2026-03-04,0,2749,20.65909,2026-03-09,C-2026-01,-5.346508,-6.772273,-6.772273,-5.346508,-6.772273,9.141927,10.992304,60.026415,6.842697,89.843798,7.315714,2026,BULL,9.141927,10.411441,57.170529,6.842697,77.500548,2026-03-04,E0
2026-03-05,1,2750,22.17045,2026-03-09,C-2026-01,-11.799039,-13.127609,-13.127609,-11.799039,-13.127609,1.70172,6.899053,49.117411,0.0,76.902142,7.315714,2026,BULL,-3.126594,6.899053,47.313203,-3.639123,52.455178,2026-03-04,E1
2026-03-05,1,2750,21.763639,2026-03-09,C-2026-01,-10.150366,-11.50377,-11.50377,-10.150366,-11.50377,3.602752,8.897235,51.904748,1.420213,80.208838,7.315714,2026,BULL,-1.315814,8.897235,50.066816,-1.837923,55.304906,2026-03-04,E2
2026-03-31,0,2764,19.26,2026-03-31,C-2026-02,0.0,0.0,0.0,0.0,0.0,34.890966,53.790244,91.796464,19.055036,114.537902,7.165104,2026,BULL,34.890966,48.546215,91.796464,18.431978,88.369673,2026-03-31,E0
2026-04-01,1,2765,20.639999,2026-03-31,C-2026-02,-3.10077,-3.10077,-3.10077,-3.10077,-3.10077,25.872099,50.193806,83.04264,14.825592,100.193808,7.165104,2026,BULL,23.982564,50.193806,83.04264,14.825592,86.14341,2026-03-31,E1
2026-04-01,1,2765,21.0,2026-03-31,C-2026-02,-4.761905,-4.761905,-4.761905,-4.761905,-4.761905,23.714286,47.619048,79.904757,12.857148,96.761905,7.165104,2026,BULL,21.857143,47.619048,79.904757,12.857148,82.952371,2026-03-31,E2
2026-06-08,0,2810,33.799999,2026-06-11,C-2026-03,-1.686388,-1.686388,-16.035503,-1.686388,,22.248524,22.248524,22.248524,9.674559,,2.130181,2026,BULL,18.934918,10.029586,1.035512,9.674559,,2026-06-08,E0
2026-06-09,1,2811,34.52,2026-06-11,C-2026-03,-3.736964,-3.736964,-17.786793,-3.736964,,19.698725,19.698725,19.698725,8.082274,,2.130181,2026,BULL,10.312868,7.5898,-1.94091,8.082274,,2026-06-08,E1
2026-06-09,1,2811,35.439999,2026-06-11,C-2026-03,-6.235889,-6.235889,-19.920994,-6.235889,,16.591425,16.591425,16.591425,5.276529,,2.130181,2026,BULL,7.449219,4.79684,-4.486459,5.276529,,2026-06-08,E2
2026-06-29,0,2824,36.279999,2026-06-29,C-2026-04,-1.10253,-15.656006,,0.0,,8.82029,8.82029,,8.82029,,4.051822,2026,BULL,-1.10253,-15.656006,,6.808162,,2026-06-29,E0
2026-06-30,1,2825,37.75,2026-06-29,C-2026-04,-4.95364,-24.423838,,-1.483446,,4.582781,4.582781,,4.582781,,4.051822,2026,BULL,-1.880792,-24.423838,,-1.483446,,2026-06-29,E1
2026-06-30,1,2825,38.419998,2026-06-29,C-2026-04,-6.611133,-25.741795,,-3.201455,,2.758985,2.758985,,2.758985,,4.051822,2026,BULL,-3.591872,-25.741795,,-3.201455,,2026-06-29,E2
2026-07-17,0,2837,32.169998,2026-07-20,C-2026-05,-11.78116,-11.78116,,-0.341924,,9.014617,12.806973,,9.014617,,1.554243,2026,BULL,4.755993,10.941875,,4.134293,,2026-07-17,E0
2026-07-20,1,2838,32.669998,2026-07-20,C-2026-05,-13.131311,-13.131311,,-1.867147,,7.346196,11.080512,,7.346196,,1.554243,2026,BULL,-0.153043,10.039802,,2.663003,,2026-07-17,E1
2026-07-20,1,2838,32.060001,2026-07-20,C-2026-05,-11.478484,-11.478484,,0.0,,9.388643,13.194011,,9.388643,,1.554243,2026,BULL,1.746719,12.133499,,4.616344,,2026-07-17,E2
2026-07-28,0,2844,30.6,2026-07-30,C-2026-06,-7.254905,,,-7.254905,,13.954245,,,10.130722,,0.065363,2026,BULL,13.954245,,,5.065366,,2026-07-28,E0
2026-07-29,1,2845,30.620001,2026-07-30,C-2026-06,-7.315486,,,-7.315486,,15.774003,,,11.528416,,0.065363,2026,BULL,15.774003,,,11.528416,,2026-07-28,E1
2026-07-29,1,2845,28.530001,2026-07-30,C-2026-06,-0.525769,,,-0.525769,,24.255169,,,19.698566,,0.065363,2026,BULL,24.255169,,,19.698566,,2026-07-28,E2
