candidate,crash_velocity_10d,crash_velocity_5d,dd_from_20d_high,drawdown_threshold,entry_adjusted_close,entry_date,entry_index,event_end,event_id,mae_10d,mae_20d,mae_40d,mae_5d,mae_60d,mfe_10d,mfe_20d,mfe_40d,mfe_5d,mfe_60d,oos_year,qualifying_observations,regime,return_10d,return_20d,return_40d,return_5d,return_60d,velocity_threshold
A,1.528016,2.55904,-15.280158,,1.52727,2018-02-06,795,2018-02-12,A-2018-01,0.0,0.0,0.0,0.0,0.0,8.809837,15.059551,15.059551,6.488047,15.059551,2018,5,TRANSITION,7.500311,13.482226,7.589359,6.488047,8.452337,1.170648
A,0.840924,1.809349,-9.651663,,1.54455,2018-04-26,842,2018-04-26,A-2018-02,0.0,0.0,0.0,0.0,0.0,6.73918,9.005212,13.537276,3.354375,15.126089,2018,1,TRANSITION,6.73918,8.445826,6.474378,0.647438,15.126089,1.170648
A,0.557481,1.439784,-8.124625,,1.71682,2018-10-05,955,2018-10-17,A-2018-03,-16.203213,-20.122086,-20.122086,-16.203213,-20.677765,0.0,0.0,0.0,0.0,0.0,2018,8,BULL,-11.411214,-14.111555,-8.975315,-12.841183,-19.327594,1.170648
A,0.413933,1.733907,-26.198198,,1.37909,2018-10-25,968,2018-10-29,A-2018-04,-0.560515,-0.560515,-0.560515,-0.560515,-3.197036,8.965332,8.965332,13.316027,7.086557,13.316027,2018,3,BEAR,8.965332,4.120108,2.933819,7.086557,7.581086,1.170648
A,0.316422,2.018647,-10.093234,,1.405,2018-12-10,1000,2018-12-11,A-2018-05,0.0,-4.982206,-4.982206,0.0,-4.982206,4.432028,4.432028,9.867616,4.432028,18.731673,2018,2,BEAR,0.776512,2.103203,8.702491,3.655516,18.731673,1.170648
A,0.67534,1.20448,-12.856348,,1.36182,2018-12-26,1012,2018-12-26,A-2018-06,-1.969423,-1.969423,-1.969423,-1.969423,-1.969423,5.807669,11.081494,19.859453,4.606336,29.506102,2018,1,BEAR,5.807669,11.081494,17.155718,-1.969423,29.506102,1.170648
B,1.528016,2.55904,-15.280158,,1.52727,2018-02-06,795,2018-02-12,B-2018-01,0.0,0.0,0.0,0.0,0.0,8.809837,15.059551,15.059551,6.488047,15.059551,2018,5,TRANSITION,7.500311,13.482226,7.589359,6.488047,8.452337,0.877745
B,2.236912,4.178947,-23.011388,,1.43864,2018-10-11,958,2018-10-26,B-2018-02,-4.139326,-4.676639,-4.676639,0.0,-7.204026,6.729272,6.729272,8.625507,6.729272,8.625507,2018,11,TRANSITION,-4.139326,4.454902,-1.548685,4.96024,-3.096675,0.877745
C,1.528016,2.55904,-15.280158,,1.52727,2018-02-06,795,2018-02-12,C-2018-01,0.0,0.0,0.0,0.0,0.0,8.809837,15.059551,15.059551,6.488047,15.059551,2018,5,TRANSITION,7.500311,13.482226,7.589359,6.488047,8.452337,1.606178
C,0.840924,1.809349,-9.651663,,1.54455,2018-04-26,842,2018-04-26,C-2018-02,0.0,0.0,0.0,0.0,0.0,6.73918,9.005212,13.537276,3.354375,15.126089,2018,1,TRANSITION,6.73918,8.445826,6.474378,0.647438,15.126089,1.606178
C,0.828663,1.853648,-9.268238,,1.69545,2018-10-08,956,2018-10-17,C-2018-03,-15.147011,-19.115279,-19.115279,-15.147011,-19.677962,0.268365,0.268365,0.268365,0.268365,0.268365,2018,6,TRANSITION,-13.833496,-13.91371,-9.463564,-10.455631,-19.463859,1.606178
C,0.413933,1.733907,-26.198198,,1.37909,2018-10-25,968,2018-10-29,C-2018-04,-0.560515,-0.560515,-0.560515,-0.560515,-3.197036,8.965332,8.965332,13.316027,7.086557,13.316027,2018,3,BEAR,8.965332,4.120108,2.933819,7.086557,7.581086,1.606178
C,0.316422,2.018647,-10.093234,,1.405,2018-12-10,1000,2018-12-10,C-2018-05,0.0,-4.982206,-4.982206,0.0,-4.982206,4.432028,4.432028,9.867616,4.432028,18.731673,2018,1,BEAR,0.776512,2.103203,8.702491,3.655516,18.731673,1.606178
D,1.528016,2.55904,-15.280158,-5.311236,1.52727,2018-02-06,795,2018-02-12,D-2018-01,0.0,0.0,0.0,0.0,0.0,8.809837,15.059551,15.059551,6.488047,15.059551,2018,5,TRANSITION,7.500311,13.482226,7.589359,6.488047,8.452337,1.170648
D,0.840924,1.809349,-9.651663,-5.311236,1.54455,2018-04-26,842,2018-04-26,D-2018-02,0.0,0.0,0.0,0.0,0.0,6.73918,9.005212,13.537276,3.354375,15.126089,2018,1,TRANSITION,6.73918,8.445826,6.474378,0.647438,15.126089,1.170648
D,0.557481,1.439784,-8.124625,-5.311236,1.71682,2018-10-05,955,2018-10-17,D-2018-03,-16.203213,-20.122086,-20.122086,-16.203213,-20.677765,0.0,0.0,0.0,0.0,0.0,2018,8,BULL,-11.411214,-14.111555,-8.975315,-12.841183,-19.327594,1.170648
D,0.413933,1.733907,-26.198198,-5.311236,1.37909,2018-10-25,968,2018-10-29,D-2018-04,-0.560515,-0.560515,-0.560515,-0.560515,-3.197036,8.965332,8.965332,13.316027,7.086557,13.316027,2018,3,BEAR,8.965332,4.120108,2.933819,7.086557,7.581086,1.170648
D,0.316422,2.018647,-10.093234,-5.311236,1.405,2018-12-10,1000,2018-12-11,D-2018-05,0.0,-4.982206,-4.982206,0.0,-4.982206,4.432028,4.432028,9.867616,4.432028,18.731673,2018,2,BEAR,0.776512,2.103203,8.702491,3.655516,18.731673,1.170648
D,0.67534,1.20448,-12.856348,-5.311236,1.36182,2018-12-26,1012,2018-12-26,D-2018-06,-1.969423,-1.969423,-1.969423,-1.969423,-1.969423,5.807669,11.081494,19.859453,4.606336,29.506102,2018,1,BEAR,5.807669,11.081494,17.155718,-1.969423,29.506102,1.170648
A,0.69581,1.538478,-9.521455,,1.70182,2019-05-14,1097,2019-05-14,A-2019-01,-5.181512,-5.84962,-5.84962,-2.72473,-5.84962,0.720993,0.720993,7.531936,0.720993,11.565265,2019,1,BULL,-5.048125,0.026442,6.650527,-1.869763,1.709346,1.357523
A,0.744786,1.493988,-8.068407,,1.74545,2019-08-05,1155,2019-08-07,A-2019-02,-1.353806,-1.353806,-1.353806,-0.833023,-1.353806,2.343808,4.791887,13.307743,1.406514,29.583775,2019,3,BULL,2.343808,3.437509,11.458363,-0.546564,29.583775,1.357523
B,1.198675,1.231683,-11.986751,,1.65545,2019-05-17,1100,2019-05-21,B-2019-01,-3.21242,-3.21242,-3.21242,-2.525597,-3.21242,0.878915,2.828234,11.944184,0.878915,14.690265,2019,2,TRANSITION,0.192697,1.64789,11.944184,-2.223565,4.86031,0.931605
D,0.69581,1.538478,-9.521455,-6.025851,1.70182,2019-05-14,1097,2019-05-14,D-2019-01,-5.181512,-5.84962,-5.84962,-2.72473,-5.84962,0.720993,0.720993,7.531936,0.720993,11.565265,2019,1,BULL,-5.048125,0.026442,6.650527,-1.869763,1.709346,1.357523
D,0.744786,1.493988,-8.068407,-6.025851,1.74545,2019-08-05,1155,2019-08-07,D-2019-02,-1.353806,-1.353806,-1.353806,-0.833023,-1.353806,2.343808,4.791887,13.307743,1.406514,29.583775,2019,3,BULL,2.343808,3.437509,11.458363,-0.546564,29.583775,1.357523
A,0.791999,2.502294,-12.511469,,2.19318,2020-01-30,1269,2020-02-05,A-2020-01,-0.704457,-2.051815,-45.284929,-0.704457,-45.284929,6.632379,7.461312,7.461312,5.906948,7.461312,2020,5,BULL,6.632379,-2.051815,-29.554346,5.906948,-13.326312,1.275349
A,0.814405,1.4303,-8.852606,,2.14818,2020-02-27,1289,2020-03-02,A-2020-02,-20.355371,-44.138759,-44.138759,-1.862041,-44.138759,3.512741,3.512741,3.512741,3.512741,3.512741,2020,2,BULL,-20.355371,-28.078653,-11.510674,-0.253703,-5.056839,1.275349
A,1.221166,1.832625,-16.258348,,1.97364,2020-03-11,1297,2020-03-23,A-2020-03,-39.198638,-39.198638,-39.198638,-29.387325,-39.198638,0.0,0.0,3.339515,0.0,15.03871,2020,9,TRANSITION,-23.05385,-13.035812,3.339515,-29.387325,15.03871,1.275349
A,0.837728,1.351767,-9.73986,,2.75909,2020-08-20,1408,2020-08-20,A-2020-04,0.0,0.0,-0.906096,0.0,-0.906096,8.154863,11.86152,11.86152,8.154863,25.70014,2020,1,BULL,7.08422,9.555324,10.214237,7.825406,25.370684,1.275349
A,0.659932,1.909797,-11.413769,,2.73409,2020-09-24,1433,2020-09-25,A-2020-05,0.0,0.0,0.0,0.0,0.0,12.801334,12.801334,31.92031,5.901781,42.31097,2020,2,BULL,12.801334,11.720902,30.507043,5.901781,37.905117,1.275349
B,1.028069,2.304661,-13.127787,,2.17773,2020-02-03,1271,2020-02-05,B-2020-01,0.0,-3.193693,-44.89675,0.0,-44.89675,8.223701,8.223701,8.223701,6.658309,8.223701,2020,2,BULL,7.388887,-0.876601,-29.158803,3.840237,-6.721219,0.887411
B,1.054981,1.668,-10.549809,,2.10818,2020-03-02,1290,2020-03-02,B-2020-02,-25.334175,-43.078864,-43.078864,-4.333596,-43.078864,5.476762,5.476762,5.476762,5.476762,5.476762,2020,1,BULL,-25.334175,-27.339222,-7.373659,-4.333596,-4.463091,0.887411
B,1.231217,0.866719,-14.426218,,2.01682,2020-03-09,1295,2020-03-27,B-2020-03,-40.500392,-40.500392,-40.500392,-21.951885,-40.500392,0.788866,0.788866,0.788866,0.788866,8.519352,2020,15,TRANSITION,-36.330957,-14.73954,-1.690285,-21.951885,8.519352,0.887411
C,0.791999,2.502294,-12.511469,,2.19318,2020-01-30,1269,2020-02-05,C-2020-01,-0.704457,-2.051815,-45.284929,-0.704457,-45.284929,6.632379,7.461312,7.461312,5.906948,7.461312,2020,4,BULL,6.632379,-2.051815,-29.554346,5.906948,-13.326312,1.803951
C,1.221166,1.832625,-16.258348,,1.97364,2020-03-11,1297,2020-03-23,C-2020-02,-39.198638,-39.198638,-39.198638,-29.387325,-39.198638,0.0,0.0,3.339515,0.0,15.03871,2020,9,TRANSITION,-23.05385,-13.035812,3.339515,-29.387325,15.03871,1.803951
C,0.659932,1.909797,-11.413769,,2.73409,2020-09-24,1433,2020-09-25,C-2020-03,0.0,0.0,0.0,0.0,0.0,12.801334,12.801334,31.92031,5.901781,42.31097,2020,2,BULL,12.801334,11.720902,30.507043,5.901781,37.905117,1.803951
D,0.791999,2.502294,-12.511469,-5.86476,2.19318,2020-01-30,1269,2020-02-05,D-2020-01,-0.704457,-2.051815,-45.284929,-0.704457,-45.284929,6.632379,7.461312,7.461312,5.906948,7.461312,2020,5,BULL,6.632379,-2.051815,-29.554346,5.906948,-13.326312,1.275349
D,0.814405,1.4303,-8.852606,-5.86476,2.14818,2020-02-27,1289,2020-03-02,D-2020-02,-20.355371,-44.138759,-44.138759,-1.862041,-44.138759,3.512741,3.512741,3.512741,3.512741,3.512741,2020,2,BULL,-20.355371,-28.078653,-11.510674,-0.253703,-5.056839,1.275349
D,1.221166,1.832625,-16.258348,-5.86476,1.97364,2020-03-11,1297,2020-03-23,D-2020-03,-39.198638,-39.198638,-39.198638,-29.387325,-39.198638,0.0,0.0,3.339515,0.0,15.03871,2020,9,TRANSITION,-23.05385,-13.035812,3.339515,-29.387325,15.03871,1.275349
D,0.837728,1.351767,-9.73986,-5.86476,2.75909,2020-08-20,1408,2020-08-20,D-2020-04,0.0,0.0,-0.906096,0.0,-0.906096,8.154863,11.86152,11.86152,8.154863,25.70014,2020,1,BULL,7.08422,9.555324,10.214237,7.825406,25.370684,1.275349
D,0.659932,1.909797,-11.413769,-5.86476,2.73409,2020-09-24,1433,2020-09-25,D-2020-05,0.0,0.0,0.0,0.0,0.0,12.801334,12.801334,31.92031,5.901781,42.31097,2020,2,BULL,12.801334,11.720902,30.507043,5.901781,37.905117,1.275349
A,0.32211,1.889329,-9.446645,,4.575,2021-01-28,1519,2021-01-29,A-2021-01,-3.526995,-3.526995,-3.526995,-3.526995,-3.526995,14.754098,14.754098,20.516721,5.216175,29.756503,2021,2,BULL,13.859891,5.166339,19.572678,3.725683,24.49071,1.433145
A,0.539039,1.722807,-8.614033,,5.425,2021-05-05,1576,2021-05-05,A-2021-02,-16.96682,-16.96682,-16.96682,-11.939724,-16.96682,5.94894,5.94894,11.478894,5.94894,15.500645,2021,1,BULL,-8.294931,3.058249,10.305806,-11.939724,8.75576,1.433145
A,1.952526,2.387945,-19.525265,,4.77727,2021-05-12,1581,2021-05-17,A-2021-03,-5.7087,-5.7087,-5.7087,-5.7087,-5.7087,10.799264,18.839212,29.30544,4.805046,31.160893,2021,4,BULL,10.751747,14.985755,27.973508,4.138975,26.546124,1.433145
A,1.278184,1.803898,-13.271048,,5.27273,2021-08-19,1651,2021-08-20,A-2021-04,-0.431086,-0.431086,-0.431086,-0.431086,-0.431086,15.258509,16.293078,16.293078,8.922323,17.887887,2021,2,BULL,12.974114,12.931062,8.318841,8.922323,17.887887,1.433145
A,0.970177,1.691566,-11.34182,,5.43636,2021-10-01,1680,2021-10-05,A-2021-05,-1.797526,-1.797526,-1.797526,-1.463111,-1.797526,3.59542,7.065205,16.93155,2.801139,20.06692,2021,3,BULL,2.801139,6.939938,9.615441,1.588747,20.06692,1.433145
B,1.140991,1.02838,-11.715091,,5.24091,2021-05-11,1580,2021-05-24,B-2021-01,-14.050232,-14.050232,-14.050232,-14.050232,-14.050232,0.997346,8.326035,17.866363,0.0,19.557672,2021,8,BULL,0.997346,6.071083,16.088427,-4.466591,16.001801,0.976443
B,1.278184,1.803898,-13.271048,,5.27273,2021-08-19,1651,2021-08-20,B-2021-02,-0.431086,-0.431086,-0.431086,-0.431086,-0.431086,15.258509,16.293078,16.293078,8.922323,17.887887,2021,2,BULL,12.974114,12.931062,8.318841,8.922323,17.887887,0.976443
B,0.980931,2.003056,-12.416705,,5.37045,2021-10-04,1681,2021-10-05,B-2021-03,-0.592315,-0.592315,-0.592315,-0.253796,-0.592315,6.347885,8.379186,18.366617,4.062788,23.275517,2021,2,BULL,6.347885,7.448165,11.468499,0.338705,23.275517,0.976443
C,0.572811,2.264816,-12.640457,,4.41364,2021-01-29,1520,2021-01-29,C-2021-01,0.0,0.0,0.0,0.0,0.0,18.949439,18.949439,24.92274,9.37163,34.500322,2021,1,BULL,18.794918,9.680672,23.532277,9.37163,18.743486,1.942799
C,1.952526,2.387945,-19.525265,,4.77727,2021-05-12,1581,2021-05-17,C-2021-02,-5.7087,-5.7087,-5.7087,-5.7087,-5.7087,10.799264,18.839212,29.30544,4.805046,31.160893,2021,4,BULL,10.751747,14.985755,27.973508,4.138975,26.546124,1.942799
C,0.980931,2.003056,-12.416705,,5.37045,2021-10-04,1681,2021-10-04,C-2021-03,-0.592315,-0.592315,-0.592315,-0.253796,-0.592315,6.347885,8.379186,18.366617,4.062788,23.275517,2021,1,BULL,6.347885,7.448165,11.468499,0.338705,23.275517,1.942799
D,0.32211,1.889329,-9.446645,-6.01034,4.575,2021-01-28,1519,2021-01-29,D-2021-01,-3.526995,-3.526995,-3.526995,-3.526995,-3.526995,14.754098,14.754098,20.516721,5.216175,29.756503,2021,2,BULL,13.859891,5.166339,19.572678,3.725683,24.49071,1.433145
D,0.539039,1.722807,-8.614033,-6.01034,5.425,2021-05-05,1576,2021-05-05,D-2021-02,-16.96682,-16.96682,-16.96682,-11.939724,-16.96682,5.94894,5.94894,11.478894,5.94894,15.500645,2021,1,BULL,-8.294931,3.058249,10.305806,-11.939724,8.75576,1.433145
D,1.952526,2.387945,-19.525265,-6.01034,4.77727,2021-05-12,1581,2021-05-17,D-2021-03,-5.7087,-5.7087,-5.7087,-5.7087,-5.7087,10.799264,18.839212,29.30544,4.805046,31.160893,2021,4,BULL,10.751747,14.985755,27.973508,4.138975,26.546124,1.433145
D,1.278184,1.803898,-13.271048,-6.01034,5.27273,2021-08-19,1651,2021-08-20,D-2021-04,-0.431086,-0.431086,-0.431086,-0.431086,-0.431086,15.258509,16.293078,16.293078,8.922323,17.887887,2021,2,BULL,12.974114,12.931062,8.318841,8.922323,17.887887,1.433145
D,0.970177,1.691566,-11.34182,-6.01034,5.43636,2021-10-01,1680,2021-10-05,D-2021-05,-1.797526,-1.797526,-1.797526,-1.463111,-1.797526,3.59542,7.065205,16.93155,2.801139,20.06692,2021,3,BULL,2.801139,6.939938,9.615441,1.588747,20.06692,1.433145
A,0.598843,1.530735,-9.081893,,6.27955,2022-01-25,1760,2022-01-25,A-2022-01,-0.217213,-1.520173,-10.966391,-0.217213,-15.779952,7.202268,7.202268,7.202268,7.202268,7.202268,2022,1,BULL,6.659394,-0.144915,-2.063046,7.202268,-13.391246,1.496034
A,0.813643,1.533773,-8.136433,,6.18409,2022-02-24,1775,2022-02-24,A-2022-02,-9.592034,-9.592034,-11.46636,0.0,-21.462657,3.895642,3.895642,3.895642,3.895642,3.895642,2022,1,BULL,-4.593885,0.551253,-11.356077,1.396487,-16.501215,1.496034
A,1.62981,2.596389,-16.948017,,5.59091,2022-03-08,1782,2022-03-09,A-2022-03,0.0,0.0,-5.406454,0.0,-13.130063,9.796795,12.154372,12.154372,8.211365,12.154372,2022,2,TRANSITION,9.796795,4.878097,-4.634129,1.504049,-1.788618,1.496034
A,0.793298,1.526104,-8.300042,,5.75,2022-04-11,1804,2022-04-11,A-2022-04,-4.782609,-11.185739,-15.533565,-1.343826,-30.07913,3.675826,3.675826,3.675826,3.675826,3.675826,2022,1,TRANSITION,-4.782609,-11.027652,-4.150261,-1.343826,-30.07913,1.496034
A,1.128467,1.820294,-15.657728,,5.28864,2022-04-27,1816,2022-04-28,A-2022-05,-8.165048,-8.165048,-12.20465,0.0,-23.979511,4.85588,4.85588,4.85588,4.85588,4.85588,2022,2,BEAR,-8.165048,-4.340435,-10.614638,4.85588,-12.075694,1.496034
A,0.816505,2.483586,-18.341619,,4.85682,2022-05-12,1826,2022-05-12,A-2022-06,0.0,0.0,-17.220527,0.0,-17.220527,7.908261,14.131881,14.131881,7.908261,14.131881,2022,1,BEAR,4.164659,11.137123,-11.277544,4.538978,-0.795582,1.496034
A,0.881498,1.657703,-8.814976,,5.05455,2022-06-15,1849,2022-06-20,A-2022-07,-8.138608,-20.458795,-20.458795,-6.834634,-20.458795,0.0,0.0,0.0,0.0,0.179838,2022,4,BEAR,-6.42985,-15.647486,-6.474958,-6.564778,-13.759088,1.496034
A,1.377209,2.240363,-23.834952,,4.19773,2022-07-01,1861,2022-07-06,A-2022-08,-4.223235,-4.223235,-4.223235,-4.223235,-4.547934,4.818557,12.831459,20.628054,2.652862,20.628054,2022,4,BEAR,4.818557,12.831459,17.812484,2.652862,-4.547934,1.496034
A,1.028878,1.727932,-10.772093,,4.51818,2022-09-02,1906,2022-09-07,A-2022-09,-3.521108,-18.007915,-25.553209,-3.521108,-25.553209,3.470867,3.470867,3.470867,2.515172,3.470867,2022,2,BEAR,-2.917546,-18.007915,-21.327836,2.515172,0.55332,1.496034
A,1.349362,1.730547,-16.564042,,4.00682,2022-09-26,1921,2022-10-03,A-2022-10,-10.550262,-16.052131,-16.052131,-7.543888,-16.052131,1.134316,1.134316,11.344158,0.623936,18.377666,2022,6,BEAR,-10.550262,-16.052131,11.003988,-7.543888,4.934836,1.496034
A,1.138667,1.624784,-21.123953,,3.57273,2022-10-12,1932,2022-10-17,A-2022-11,-5.852387,-5.852387,-5.852387,-3.816969,-5.852387,1.717454,8.39694,32.760662,1.717454,32.760662,2022,4,BEAR,-4.834678,8.39694,26.081456,-1.017989,20.228789,1.496034
B,1.266114,1.143259,-13.133001,,5.84773,2022-03-07,1781,2022-03-09,B-2022-01,-4.39179,-4.39179,-9.560804,-4.39179,-16.945208,4.586053,7.228788,7.228788,3.458949,7.228788,2022,3,TRANSITION,4.586053,4.313982,-5.169185,1.165923,-6.995706,1.021535
B,1.167315,0.0,-15.2698,,5.675,2022-03-15,1787,2022-03-16,B-2022-02,0.0,0.0,-14.417269,0.0,-14.417269,10.292335,10.492511,10.492511,8.169868,10.492511,2022,2,TRANSITION,8.169868,4.805815,-12.174626,8.169868,-9.931982,1.021535
B,1.128467,1.820294,-15.657728,,5.28864,2022-04-27,1816,2022-04-27,B-2022-03,-8.165048,-8.165048,-12.20465,0.0,-23.979511,4.85588,4.85588,4.85588,4.85588,4.85588,2022,1,BEAR,-8.165048,-4.340435,-10.614638,4.85588,-12.075694,1.021535
B,1.125596,1.352681,-14.334648,,5.10682,2022-05-09,1823,2022-05-09,B-2022-04,-4.895414,-4.895414,-18.558124,-4.895414,-21.272925,2.625704,8.544652,8.544652,0.177997,8.544652,2022,1,BEAR,1.646622,5.651854,-17.401044,-1.513075,-10.681011,1.021535
B,1.048902,1.962121,-12.177126,,4.86818,2022-06-17,1851,2022-06-24,B-2022-05,-13.772087,-17.413695,-17.413695,-4.62185,-17.413695,1.634081,1.634081,2.194249,1.634081,4.015053,2022,5,BEAR,-13.772087,-9.617146,2.194249,-2.894511,-4.855203,1.021535
B,1.377209,2.240363,-23.834952,,4.19773,2022-07-01,1861,2022-07-12,B-2022-06,-4.223235,-4.223235,-4.223235,-4.223235,-4.547934,4.818557,12.831459,20.628054,2.652862,20.628054,2022,6,BEAR,4.818557,12.831459,17.812484,2.652862,-4.547934,1.021535
B,1.028878,1.727932,-10.772093,,4.51818,2022-09-02,1906,2022-09-02,B-2022-07,-3.521108,-18.007915,-25.553209,-3.521108,-25.553209,3.470867,3.470867,3.470867,2.515172,3.470867,2022,1,BEAR,-2.917546,-18.007915,-21.327836,2.515172,0.55332,1.021535
B,1.349362,1.730547,-16.564042,,4.00682,2022-09-26,1921,2022-10-04,B-2022-08,-10.550262,-16.052131,-16.052131,-7.543888,-16.052131,1.134316,1.134316,11.344158,0.623936,18.377666,2022,7,BEAR,-10.550262,-16.052131,11.003988,-7.543888,4.934836,1.021535
B,1.055026,0.650335,-23.334973,,3.58409,2022-10-11,1931,2022-10-13,B-2022-09,-6.150794,-6.150794,-6.150794,-4.121827,-6.150794,1.395054,3.29735,32.339869,1.395054,32.339869,2022,3,BEAR,-6.150794,3.29735,26.949937,0.380571,18.960182,1.021535
B,1.31372,0.0,-18.577614,,3.48636,2022-10-20,1938,2022-10-24,B-2022-10,-3.520004,-3.520004,-3.520004,-3.520004,-3.520004,2.738099,27.966131,36.049633,0.326128,36.049633,2022,3,BEAR,0.847589,27.966131,30.89985,0.326128,33.768171,1.021535
C,1.62981,2.596389,-16.948017,,5.59091,2022-03-08,1782,2022-03-09,C-2022-01,0.0,0.0,-5.406454,0.0,-13.130063,9.796795,12.154372,12.154372,8.211365,12.154372,2022,2,TRANSITION,9.796795,4.878097,-4.634129,1.504049,-1.788618,1.954148
C,0.816505,2.483586,-18.341619,,4.85682,2022-05-12,1826,2022-05-12,C-2022-02,0.0,0.0,-17.220527,0.0,-17.220527,7.908261,14.131881,14.131881,7.908261,14.131881,2022,1,BEAR,4.164659,11.137123,-11.277544,4.538978,-0.795582,1.954148
C,1.048902,1.962121,-12.177126,,4.86818,2022-06-17,1851,2022-06-17,C-2022-03,-13.772087,-17.413695,-17.413695,-4.62185,-17.413695,1.634081,1.634081,2.194249,1.634081,4.015053,2022,1,BEAR,-13.772087,-9.617146,2.194249,-2.894511,-4.855203,1.954148
C,1.377209,2.240363,-23.834952,,4.19773,2022-07-01,1861,2022-07-06,C-2022-04,-4.223235,-4.223235,-4.223235,-4.223235,-4.547934,4.818557,12.831459,20.628054,2.652862,20.628054,2022,4,BEAR,4.818557,12.831459,17.812484,2.652862,-4.547934,1.954148
C,1.449489,2.492214,-19.87685,,3.84773,2022-09-28,1923,2022-09-30,C-2022-05,-10.691239,-12.581184,-12.581184,-3.721155,-12.581184,5.315862,5.315862,19.964499,4.311893,23.272163,2022,2,BEAR,-10.691239,-9.096272,19.964499,4.311893,13.880652,1.954148
C,1.069124,2.876591,-24.134627,,3.43636,2022-10-13,1933,2022-10-14,C-2022-06,-2.116193,-2.116193,-2.116193,0.0,-2.116193,5.754054,12.698611,38.029194,5.754054,38.029194,2022,2,BEAR,1.785901,10.582128,28.968443,1.455028,26.85196,1.954148
D,0.598843,1.530735,-9.081893,-6.11956,6.27955,2022-01-25,1760,2022-01-25,D-2022-01,-0.217213,-1.520173,-10.966391,-0.217213,-15.779952,7.202268,7.202268,7.202268,7.202268,7.202268,2022,1,BULL,6.659394,-0.144915,-2.063046,7.202268,-13.391246,1.496034
D,0.813643,1.533773,-8.136433,-6.11956,6.18409,2022-02-24,1775,2022-02-24,D-2022-02,-9.592034,-9.592034,-11.46636,0.0,-21.462657,3.895642,3.895642,3.895642,3.895642,3.895642,2022,1,BULL,-4.593885,0.551253,-11.356077,1.396487,-16.501215,1.496034
D,1.62981,2.596389,-16.948017,-6.11956,5.59091,2022-03-08,1782,2022-03-09,D-2022-03,0.0,0.0,-5.406454,0.0,-13.130063,9.796795,12.154372,12.154372,8.211365,12.154372,2022,2,TRANSITION,9.796795,4.878097,-4.634129,1.504049,-1.788618,1.496034
D,0.793298,1.526104,-8.300042,-6.11956,5.75,2022-04-11,1804,2022-04-11,D-2022-04,-4.782609,-11.185739,-15.533565,-1.343826,-30.07913,3.675826,3.675826,3.675826,3.675826,3.675826,2022,1,TRANSITION,-4.782609,-11.027652,-4.150261,-1.343826,-30.07913,1.496034
D,1.128467,1.820294,-15.657728,-6.11956,5.28864,2022-04-27,1816,2022-04-28,D-2022-05,-8.165048,-8.165048,-12.20465,0.0,-23.979511,4.85588,4.85588,4.85588,4.85588,4.85588,2022,2,BEAR,-8.165048,-4.340435,-10.614638,4.85588,-12.075694,1.496034
D,0.816505,2.483586,-18.341619,-6.11956,4.85682,2022-05-12,1826,2022-05-12,D-2022-06,0.0,0.0,-17.220527,0.0,-17.220527,7.908261,14.131881,14.131881,7.908261,14.131881,2022,1,BEAR,4.164659,11.137123,-11.277544,4.538978,-0.795582,1.496034
D,0.881498,1.657703,-8.814976,-6.11956,5.05455,2022-06-15,1849,2022-06-20,D-2022-07,-8.138608,-20.458795,-20.458795,-6.834634,-20.458795,0.0,0.0,0.0,0.0,0.179838,2022,4,BEAR,-6.42985,-15.647486,-6.474958,-6.564778,-13.759088,1.496034
D,1.377209,2.240363,-23.834952,-6.11956,4.19773,2022-07-01,1861,2022-07-06,D-2022-08,-4.223235,-4.223235,-4.223235,-4.223235,-4.547934,4.818557,12.831459,20.628054,2.652862,20.628054,2022,4,BEAR,4.818557,12.831459,17.812484,2.652862,-4.547934,1.496034
D,1.028878,1.727932,-10.772093,-6.11956,4.51818,2022-09-02,1906,2022-09-07,D-2022-09,-3.521108,-18.007915,-25.553209,-3.521108,-25.553209,3.470867,3.470867,3.470867,2.515172,3.470867,2022,2,BEAR,-2.917546,-18.007915,-21.327836,2.515172,0.55332,1.496034
D,1.349362,1.730547,-16.564042,-6.11956,4.00682,2022-09-26,1921,2022-10-03,D-2022-10,-10.550262,-16.052131,-16.052131,-7.543888,-16.052131,1.134316,1.134316,11.344158,0.623936,18.377666,2022,6,BEAR,-10.550262,-16.052131,11.003988,-7.543888,4.934836,1.496034
D,1.138667,1.624784,-21.123953,-6.11956,3.57273,2022-10-12,1932,2022-10-17,D-2022-11,-5.852387,-5.852387,-5.852387,-3.816969,-5.852387,1.717454,8.39694,32.760662,1.717454,32.760662,2022,4,BEAR,-4.834678,8.39694,26.081456,-1.017989,20.228789,1.496034
A,0.367326,1.822577,-9.112887,,8.52273,2024-04-16,2294,2024-04-22,A-2024-01,-4.82674,-4.82674,-4.82674,-4.82674,-4.82674,5.333268,12.74662,24.906573,3.653289,50.346661,2024,3,BULL,4.719966,12.74662,24.906573,-3.093375,50.346661,1.533773
A,0.209669,1.614046,-8.070228,,11.77955,2024-07-18,2359,2024-07-29,A-2024-02,-31.738394,-31.738394,-31.738394,-10.611611,-31.738394,0.0,0.0,0.0,0.0,0.0,2024,6,BULL,-31.738394,-10.939637,-15.261449,-9.897747,-2.025884,1.533773
A,3.173839,4.847969,-37.247262,,8.04091,2024-08-05,2369,2024-08-08,A-2024-03,0.0,0.0,0.0,0.0,0.0,30.525649,30.977961,36.68739,22.668205,43.697044,2024,4,TRANSITION,30.469188,28.886407,30.017001,22.668205,36.772206,1.533773
A,1.089956,2.429874,-12.149372,,9.25227,2024-09-04,2391,2024-09-10,A-2024-04,-0.417519,-0.417519,-0.417519,-0.417519,-0.417519,9.727343,18.791497,24.883407,3.488117,24.883407,2024,5,BULL,9.727343,17.02285,21.223332,-0.417519,20.363543,1.533773
A,0.407111,1.699199,-8.693978,,10.55,2024-11-18,2439,2024-11-18,A-2024-05,-2.822085,-2.822085,-2.822085,0.0,-2.822085,3.834597,5.70872,9.457156,3.834597,9.457156,2024,1,BULL,1.486445,2.972891,0.193839,3.834597,5.945687,1.533773
B,1.192437,0.618675,-11.924366,,8.25909,2024-04-23,2299,2024-04-23,B-2024-01,0.0,0.0,0.0,0.0,0.0,10.731933,20.36326,42.625277,8.695631,55.145906,2024,1,BULL,10.731933,20.36326,42.625277,8.062753,42.625277,1.065012
B,1.286348,2.430433,-16.01637,,10.76136,2024-07-22,2361,2024-08-08,B-2024-02,-25.279797,-25.279797,-25.279797,-2.154096,-25.279797,4.498409,4.498409,4.498409,4.498409,7.370723,2024,11,BULL,-11.594445,-3.505784,-5.659972,-1.182657,7.075035,1.065012
B,1.089956,2.429874,-12.149372,,9.25227,2024-09-04,2391,2024-09-04,B-2024-03,-0.417519,-0.417519,-0.417519,-0.417519,-0.417519,9.727343,18.791497,24.883407,3.488117,24.883407,2024,1,BULL,9.727343,17.02285,21.223332,-0.417519,20.363543,1.065012
B,1.251617,0.083504,-12.516165,,9.21364,2024-09-11,2396,2024-09-11,B-2024-04,0.0,0.0,0.0,0.0,0.0,19.289553,23.038886,25.407005,10.187396,25.407005,2024,1,BULL,19.289553,23.038886,17.661532,10.187396,17.044838,1.065012
C,0.892906,2.455288,-13.233169,,8.13636,2024-04-19,2297,2024-04-22,C-2024-01,-0.307263,-0.307263,-0.307263,-0.307263,-0.307263,11.08948,19.636914,36.396743,6.676081,57.486149,2024,2,BULL,11.08948,19.134109,36.396743,6.480539,51.95542,1.955586
C,1.286348,2.430433,-16.01637,,10.76136,2024-07-22,2361,2024-07-29,C-2024-02,-25.279797,-25.279797,-25.279797,-2.154096,-25.279797,4.498409,4.498409,4.498409,4.498409,7.370723,2024,3,BULL,-11.594445,-3.505784,-5.659972,-1.182657,7.075035,1.955586
C,3.173839,4.847969,-37.247262,,8.04091,2024-08-05,2369,2024-08-08,C-2024-03,0.0,0.0,0.0,0.0,0.0,30.525649,30.977961,36.68739,22.668205,43.697044,2024,4,TRANSITION,30.469188,28.886407,30.017001,22.668205,36.772206,1.955586
C,1.089956,2.429874,-12.149372,,9.25227,2024-09-04,2391,2024-09-09,C-2024-04,-0.417519,-0.417519,-0.417519,-0.417519,-0.417519,9.727343,18.791497,24.883407,3.488117,24.883407,2024,2,BULL,9.727343,17.02285,21.223332,-0.417519,20.363543,1.955586
D,0.367326,1.822577,-9.112887,-6.978443,8.52273,2024-04-16,2294,2024-04-22,D-2024-01,-4.82674,-4.82674,-4.82674,-4.82674,-4.82674,5.333268,12.74662,24.906573,3.653289,50.346661,2024,3,BULL,4.719966,12.74662,24.906573,-3.093375,50.346661,1.533773
D,0.209669,1.614046,-8.070228,-6.978443,11.77955,2024-07-18,2359,2024-07-29,D-2024-02,-31.738394,-31.738394,-31.738394,-10.611611,-31.738394,0.0,0.0,0.0,0.0,0.0,2024,6,BULL,-31.738394,-10.939637,-15.261449,-9.897747,-2.025884,1.533773
D,3.173839,4.847969,-37.247262,-6.978443,8.04091,2024-08-05,2369,2024-08-08,D-2024-03,0.0,0.0,0.0,0.0,0.0,30.525649,30.977961,36.68739,22.668205,43.697044,2024,4,TRANSITION,30.469188,28.886407,30.017001,22.668205,36.772206,1.533773
D,1.089956,2.429874,-12.149372,-6.978443,9.25227,2024-09-04,2391,2024-09-10,D-2024-04,-0.417519,-0.417519,-0.417519,-0.417519,-0.417519,9.727343,18.791497,24.883407,3.488117,24.883407,2024,5,BULL,9.727343,17.02285,21.223332,-0.417519,20.363543,1.533773
D,0.407111,1.699199,-8.693978,-6.978443,10.55,2024-11-18,2439,2024-11-18,D-2024-05,-2.822085,-2.822085,-2.822085,0.0,-2.822085,3.834597,5.70872,9.457156,3.834597,9.457156,2024,1,BULL,1.486445,2.972891,0.193839,3.834597,5.945687,1.533773
A,0.692949,1.763889,-9.860293,,10.40909,2025-01-13,2478,2025-01-14,A-2025-01,-0.174655,-0.174655,-6.637564,-0.174655,-44.781628,9.563372,9.563372,9.563372,6.615756,9.563372,2025,2,BULL,4.650647,8.078612,-2.969424,6.615756,-33.340571,1.606642
A,0.399581,1.676972,-8.38486,,10.42955,2025-03-03,2505,2025-03-04,A-2025-02,-6.820716,-16.757482,-44.889952,-2.484287,-44.889952,1.37283,1.37283,1.37283,1.37283,1.37283,2025,2,TRANSITION,-5.295339,-16.757482,-25.77906,-2.484287,-16.343466,1.606642
A,1.210304,2.384136,-17.884785,,8.68182,2025-03-31,2525,2025-04-11,A-2025-03,-33.795794,-33.795794,-33.795794,-33.795794,-33.795794,4.86914,4.86914,4.86914,4.86914,11.910982,2025,8,BEAR,-17.22519,-10.837705,0.497361,-33.795794,11.099401,1.606642
A,0.0,1.97576,-32.623492,,6.75909,2025-04-22,2539,2025-04-22,A-2025-04,0.0,0.0,0.0,0.0,0.0,20.948234,34.599924,41.627497,14.962961,57.532005,2025,1,BEAR,17.182195,34.162735,37.928774,14.962961,57.532005,1.606642
A,0.811405,1.911548,-12.46125,,14.12955,2025-11-19,2684,2025-11-19,A-2025-05,-1.190342,-1.190342,-1.190342,-1.190342,-1.190342,8.283703,12.867926,37.477832,6.080095,65.449501,2025,1,BULL,7.897633,6.417826,37.477832,4.712818,65.449501,1.606642
B,1.273541,1.009043,-13.954914,,9.79545,2025-03-11,2511,2025-03-13,B-2025-01,-0.788836,-41.322451,-41.322451,-0.788836,-41.322451,3.109097,3.109097,3.109097,1.647398,3.109097,2025,2,TRANSITION,2.204187,-29.605582,-15.336406,1.647398,-7.610166,1.090782
B,1.210304,2.384136,-17.884785,,8.68182,2025-03-31,2525,2025-04-18,B-2025-02,-33.795794,-33.795794,-33.795794,-33.795794,-33.795794,4.86914,4.86914,4.86914,4.86914,11.910982,2025,11,BEAR,-17.22519,-10.837705,0.497361,-33.795794,11.099401,1.090782
C,1.210304,2.384136,-17.884785,,8.68182,2025-03-31,2525,2025-04-11,C-2025-01,-33.795794,-33.795794,-33.795794,-33.795794,-33.795794,4.86914,4.86914,4.86914,4.86914,11.910982,2025,6,BEAR,-17.22519,-10.837705,0.497361,-33.795794,11.099401,2.018373
D,0.692949,1.763889,-9.860293,-6.928894,10.40909,2025-01-13,2478,2025-01-14,D-2025-01,-0.174655,-0.174655,-6.637564,-0.174655,-44.781628,9.563372,9.563372,9.563372,6.615756,9.563372,2025,2,BULL,4.650647,8.078612,-2.969424,6.615756,-33.340571,1.606642
D,0.399581,1.676972,-8.38486,-6.928894,10.42955,2025-03-03,2505,2025-03-04,D-2025-02,-6.820716,-16.757482,-44.889952,-2.484287,-44.889952,1.37283,1.37283,1.37283,1.37283,1.37283,2025,2,TRANSITION,-5.295339,-16.757482,-25.77906,-2.484287,-16.343466,1.606642
D,1.210304,2.384136,-17.884785,-6.928894,8.68182,2025-03-31,2525,2025-04-11,D-2025-03,-33.795794,-33.795794,-33.795794,-33.795794,-33.795794,4.86914,4.86914,4.86914,4.86914,11.910982,2025,8,BEAR,-17.22519,-10.837705,0.497361,-33.795794,11.099401,1.606642
D,0.0,1.97576,-32.623492,-6.928894,6.75909,2025-04-22,2539,2025-04-22,D-2025-04,0.0,0.0,0.0,0.0,0.0,20.948234,34.599924,41.627497,14.962961,57.532005,2025,1,BEAR,17.182195,34.162735,37.928774,14.962961,57.532005,1.606642
D,0.811405,1.911548,-12.46125,-6.928894,14.12955,2025-11-19,2684,2025-11-19,D-2025-05,-1.190342,-1.190342,-1.190342,-1.190342,-1.190342,8.283703,12.867926,37.477832,6.080095,65.449501,2025,1,BULL,7.897633,6.417826,37.477832,4.712818,65.449501,1.606642
A,0.0,2.32549,-15.496895,,20.65909,2026-03-04,2749,2026-03-10,A-2026-01,-5.346508,-6.772273,-6.772273,-5.346508,-6.772273,9.141927,10.992304,60.026415,6.842697,89.843798,2026,5,BULL,9.141927,10.411441,57.170529,6.842697,77.500548,1.651119
A,1.274301,2.91624,-21.219676,,19.26,2026-03-31,2764,2026-03-31,A-2026-02,0.0,0.0,0.0,0.0,0.0,34.890966,53.790244,91.796464,19.055036,114.537902,2026,1,BULL,34.890966,48.546215,91.796464,18.431978,88.369673,1.651119
A,0.219908,2.106935,-13.819485,,33.799999,2026-06-08,2810,2026-06-11,A-2026-03,-1.686388,-1.686388,-16.035503,-1.686388,,22.248524,22.248524,22.248524,9.674559,,2026,3,BULL,18.934918,10.029586,1.035512,9.674559,,1.651119
A,0.0,2.439497,-12.197485,,36.279999,2026-06-29,2824,2026-06-29,A-2026-04,-1.10253,-15.656006,,0.0,,8.82029,8.82029,,8.82029,,2026,1,BULL,-1.10253,-15.656006,,6.808162,,1.651119
A,1.725824,2.506798,-22.144245,,32.169998,2026-07-17,2837,2026-07-20,A-2026-05,-11.78116,-11.78116,,-0.341924,,9.014617,12.806973,,9.014617,,2026,2,BULL,4.755993,10.941875,,4.134293,,1.651119
A,1.471572,2.178218,-22.492401,,30.6,2026-07-28,2844,2026-07-30,A-2026-06,-7.254905,,,-7.254905,,13.954245,,,10.130722,,2026,3,BULL,13.954245,,,5.065366,,1.651119
B,1.149965,3.650349,-20.014861,,19.55455,2026-03-09,2752,2026-03-16,B-2026-01,0.0,-1.506299,-1.506299,0.0,-1.506299,15.306816,26.97812,69.065517,12.877714,100.567137,2026,4,BULL,2.928832,26.97812,62.877693,7.763815,70.957654,1.125015
B,1.274301,2.91624,-21.219676,,19.26,2026-03-31,2764,2026-03-31,B-2026-02,0.0,0.0,0.0,0.0,0.0,34.890966,53.790244,91.796464,19.055036,114.537902,2026,1,BULL,34.890966,48.546215,91.796464,18.431978,88.369673,1.125015
B,1.725824,2.506798,-22.144245,,32.169998,2026-07-17,2837,2026-07-21,B-2026-03,-11.78116,-11.78116,,-0.341924,,9.014617,12.806973,,9.014617,,2026,3,BULL,4.755993,10.941875,,4.134293,,1.125015
B,1.471572,2.178218,-22.492401,,30.6,2026-07-28,2844,2026-07-30,B-2026-04,-7.254905,,,-7.254905,,13.954245,,,10.130722,,2026,3,BULL,13.954245,,,5.065366,,1.125015
C,0.0,2.32549,-15.496895,,20.65909,2026-03-04,2749,2026-03-09,C-2026-01,-5.346508,-6.772273,-6.772273,-5.346508,-6.772273,9.141927,10.992304,60.026415,6.842697,89.843798,2026,4,BULL,9.141927,10.411441,57.170529,6.842697,77.500548,2.033335
C,1.274301,2.91624,-21.219676,,19.26,2026-03-31,2764,2026-03-31,C-2026-02,0.0,0.0,0.0,0.0,0.0,34.890966,53.790244,91.796464,19.055036,114.537902,2026,1,BULL,34.890966,48.546215,91.796464,18.431978,88.369673,2.033335
C,0.219908,2.106935,-13.819485,,33.799999,2026-06-08,2810,2026-06-11,C-2026-03,-1.686388,-1.686388,-16.035503,-1.686388,,22.248524,22.248524,22.248524,9.674559,,2026,3,BULL,18.934918,10.029586,1.035512,9.674559,,2.033335
C,0.0,2.439497,-12.197485,,36.279999,2026-06-29,2824,2026-06-29,C-2026-04,-1.10253,-15.656006,,0.0,,8.82029,8.82029,,8.82029,,2026,1,BULL,-1.10253,-15.656006,,6.808162,,2.033335
C,1.725824,2.506798,-22.144245,,32.169998,2026-07-17,2837,2026-07-20,C-2026-05,-11.78116,-11.78116,,-0.341924,,9.014617,12.806973,,9.014617,,2026,2,BULL,4.755993,10.941875,,4.134293,,2.033335
C,1.471572,2.178218,-22.492401,,30.6,2026-07-28,2844,2026-07-30,C-2026-06,-7.254905,,,-7.254905,,13.954245,,,10.130722,,2026,3,BULL,13.954245,,,5.065366,,2.033335
D,0.0,2.32549,-15.496895,-7.051984,20.65909,2026-03-04,2749,2026-03-10,D-2026-01,-5.346508,-6.772273,-6.772273,-5.346508,-6.772273,9.141927,10.992304,60.026415,6.842697,89.843798,2026,5,BULL,9.141927,10.411441,57.170529,6.842697,77.500548,1.651119
D,1.274301,2.91624,-21.219676,-7.051984,19.26,2026-03-31,2764,2026-03-31,D-2026-02,0.0,0.0,0.0,0.0,0.0,34.890966,53.790244,91.796464,19.055036,114.537902,2026,1,BULL,34.890966,48.546215,91.796464,18.431978,88.369673,1.651119
D,0.219908,2.106935,-13.819485,-7.051984,33.799999,2026-06-08,2810,2026-06-11,D-2026-03,-1.686388,-1.686388,-16.035503,-1.686388,,22.248524,22.248524,22.248524,9.674559,,2026,3,BULL,18.934918,10.029586,1.035512,9.674559,,1.651119
D,0.0,2.439497,-12.197485,-7.051984,36.279999,2026-06-29,2824,2026-06-29,D-2026-04,-1.10253,-15.656006,,0.0,,8.82029,8.82029,,8.82029,,2026,1,BULL,-1.10253,-15.656006,,6.808162,,1.651119
D,1.725824,2.506798,-22.144245,-7.051984,32.169998,2026-07-17,2837,2026-07-20,D-2026-05,-11.78116,-11.78116,,-0.341924,,9.014617,12.806973,,9.014617,,2026,2,BULL,4.755993,10.941875,,4.134293,,1.651119
D,1.471572,2.178218,-22.492401,-7.051984,30.6,2026-07-28,2844,2026-07-30,D-2026-06,-7.254905,,,-7.254905,,13.954245,,,10.130722,,2026,3,BULL,13.954245,,,5.065366,,1.651119
